common_name,scientific_name,conservation_status
Bog Jack-in-the-pulpit,Arisaema triphyllum,N
Green Dragon,Arisaema dracontium,N
Small Jack-in-the-pulpit,Arisaema triphyllum,N
Dwarf Arrowhead,Sagittaria subulata,N
Sessile-fruited Arrowhead,Sagittaria rigida,N
Delta Arrowhead,Sagittaria platyphylla,N
Long-lobed Arrowhead,Sagittaria calycina,N
Tidal Arrowhead,Sagittaria spatulata,N
"Lance-leaved Arrowhead, Bull-tongue Arrowhead",Sagittaria lancifolia,N
"Broad-leaved Arrowhead, Duck Potato, Wapato",Sagittaria latifolia,N
Grass-leaved Arrowhead,Sagittaria graminea,N
Weatherby's Arrowhead,Sagittaria weatherbiana,N
Engelmann's Arrowhead,Sagittaria engelmanniana,N
Midwestern Arrowhead,Sagittaria brevirostra,N
Long-beaked Arrowhead,Sagittaria australis,N
Southern Water-plantain,Alisma subcordatum,N
Creeping Burhead,Echinodorus cordifolius,N
Dwarf Burhead,Helanthium tenellum,N
Grass-leaved Water Plantain,Alisma gramineum,N
"Common Yucca, Adam's Needle",Yucca filamentosa,N
Weakleaf Yucca,Yucca flaccida,N
"Rattlesnake-master, Eastern False-aloe",Manfreda virginica,N
Spanish Dagger,Yucca aloifolia,N
"Sweetflag, European Calamus",Acorus calamus,N
"Lobed Spleenwort, Pinnatifid Spleenwort",Asplenium pinnatifidum,N
"Balsam Fir, Northern Balsam",Abies balsamea,N
Bradley's Spleenwort,Asplenium bradleyi,N
Little Duckweed,Lemna obscura,N
"Common Rush, Soft Rush",Juncus effusus,N
"Wild Onion, Meadow Onion",Allium canadense,N
Nodding Onion,Allium cernuum,N
"Running Serviceberry, Dwarf Serviceberry",Amelanchier spicata,N
"Brazilian Watermeal, Pointed Watermeal",Wolffia brasiliensis,N
Dwarf Crested Iris,Iris cristata,N
Annual Blue-eyed-grass,Sisyrinchium micranthum,N
"Tapegrass, Water-celery",Vallisneria americana,N
American Frog's-bit,Limnobium spongia,N
"Nuttall's Waterweed, Free-flowered Waterweed",Elodea nuttallii,N
Hydrilla,Hydrilla verticillata,N
Violet Burmannia,Burmannia biflora,N
Skunk Cabbage,Symplocarpus foetidus,N
Spanish-moss,Tillandsia usneoides,N
"Arrow-arum, Tuckahoe",Peltandra virginica,N
Crow-dipper,Pinellia ternata,N
Common Jack-in-the-pulpit,Arisaema triphyllum,N
Golden Club,Orontium aquaticum,N
Tiger Lily,Lilium lancifolium,N
Common Duckweed,Lemna minor,N
Wood Lily,Lilium philadelphicum,N
"Pine Lily, Catesby's Lily, Southern Red Lily",Lilium catesbaei,N
Toad Rush,Juncus bufonius,N
Gray's Lily,Lilium grayi,N
Summer Snowflake,Leucojum aestivum,N
"Asiatic Dayflower, Common Dayflower",Commelina communis,N
Creeping Dayflower,Commelina diffusa,N
"Slender Dayflower, Erect Dayflower",Commelina erecta,N
Virginia Dayflower,Commelina virginica,N
Grasslike Roselings,Cuthbertia graminea,N
Marsh Dewflower,Murdannia keisak,N
"Ohio Spiderwort, Smooth Spiderwort",Tradescantia ohiensis,N
"Zigzag Spiderwort, Wide-leaved Spiderwort",Tradescantia subaspera,N
Virginia Spiderwort,Tradescantia virginiana,N
"Chinese Yam, Cinnamon Vine",Dioscorea polystachya,N
Crested Coralroot,Hexalectris spicata,N
"Brittle Naiad, Spinyleaf Naiad",Najas minor,N
Wild Yam,Dioscorea villosa,N
Seven-angled Pipewort,Eriocaulon aquaticum,N
Ten-angled Pipewort,Eriocaulon decangulare,N
Parker's Pipewort,Eriocaulon parkeri,N
Common Bog-buttons,Lachnocaulon anceps,N
Redroot,Lachnanthes caroliniana,N
Brazilian Waterweed,Egeria densa,N
Common Waterweed,Elodea canadensis,N
Needle-tip Blue-eyed-grass,Sisyrinchium mucronatum,N
"Eastern Blue-eyed-grass, Atlantic Blue-eyed-grass",Sisyrinchium atlanticum,N
Wiry Blue-eyed-grass,Sisyrinchium capillare,N
Coastal Plain Blue-eyed-grass,Sisyrinchium fuscatum,N
Narrow-leaved Blue-eyed-grass,Sisyrinchium angustifolium,N
White Blue-eyed-grass,Sisyrinchium albidum,N
"Larger Blue Flag, Northern Blue Flag",Iris versicolor,N
"Yellow Iris, Yellow Flag",Iris pseudacorus,N
Sibirian Iris,Iris sibirica,N
"Slender Blue Iris, Slender Blue Flag",Iris prismatica,N
German Iris,Iris germanica,N
Blackberry-lily,Iris domestica,N
Columbian Watermeal,Wolffia columbiana,N
"Sword Bogmat, Mud-midget",Wolffiella gladiata,N
Golden Colicroot,Aletris aurea,N
White Colicroot,Aletris farinosa,N
Dwarf Iris,Iris verna,N
"Virginia Blue Flag, Southern Blue Flag",Iris virginica,N
Spanish Bluebell,Hyacinthoides hispanica,N
Allegheny Onion,Allium allegheniense,N
Wild Leek,Allium ampeloprasum,N
Large Round-leaved Orchid,Platanthera orbiculata,N
Prairie Fringed Orchid,Platanthera leucophaea,N
"Ragged Fringed Orchid, Green Fringed Orchid",Platanthera lacera,N
"Tubercled Rein Orchid, Northern Gypsy-spike",Platanthera flava,N
Large Purple Fringed Orchid,Platanthera grandiflora,N
"Southern Rein Orchid, Southern Gypsy-spike",Platanthera flava,N
"Crested Fringed Orchid, Golden Fringed Orchid",Platanthera cristata,N
Small Green Wood Orchid,Platanthera clavellata,N
Yellow Fringed Orchid,Platanthera ciliaris,N
Small White Fringed Orchid,Platanthera blephariglottis,N
Green Adder's-mouth,Malaxis unifolia,N
Florida Adder's-mouth,Malaxis spicata,N
Appalachian Adder's-mouth,Malaxis bayardii,N
"Appalachian Twayblade, Small's Twayblade, Kidneyleaf Twayblade",Neottia smallii,N
Southern Twayblade,Neottia bifolia,N
Small White Lady's-slipper,Cypripedium candidum,N
"Bog Twayblade, Fen Orchid",Liparis loeselii,N
"Lily-leaved Twayblade, Large Twayblade",Liparis liliifolia,N
Large Whorled Pogonia,Isotria verticillata,N
Small Whorled Pogonia,Isotria medeoloides,N
Canada Lily,Lilium canadense,N
"Showy Orchis, Showy Orchid",Galearis spectabilis,N
Downy Rattlesnake-plantain,Goodyera pubescens,N
"Dwarf Rattlesnake-plantain, Lesser Rattlesnake-plantain",Goodyera repens,N
"Showy Lady's-slipper, Queen Lady's-slipper",Cypripedium reginae,N
Helleborine,Epipactis helleborine,N
"Long-bracteate Green Orchid, Long-bracteate Frog Orchid",Dactylorhiza viridis,N
"Dragon's-mouth, Bog-rose, Arethusa",Arethusa bulbosa,N
Pale Grass-pink,Calopogon pallidus,N
"Tuberous Grass-pink, Common Grass-pink",Calopogon tuberosus,N
Appalachian Small Spreading Pogonia,Cleistesiopsis bifaria,N
Large Spreading Pogonia,Cleistesiopsis divaricata,N
Solomon's-seal,Polygonatum biflorum,N
Kentucky Lady's-slipper,Cypripedium kentuckiense,N
White Bear Sedge,Carex albursina,N
Greenish-white Sedge,Carex albolutescens,N
Emmons's Sedge,Carex albicans,N
Southern White-tinged Sedge,Carex albicans,N
White-tinged Sedge,Carex albicans,N
Broad-winged Sedge,Carex alata,N
Autumn Coralroot,Corallorhiza odontorhiza,N
Western Spotted Coralroot,Corallorhiza maculata,N
Eastern Spotted Coralroot,Corallorhiza maculata,N
Bentley's Coralroot,Corallorhiza bentleyi,N
"Puttyroot, Adam-and-Eve",Aplectrum hyemale,N
"Southern Naiad, Common Naiad",Najas guadalupensis,N
Canada Naiad,Najas canadensis,N
"Slender Naiad, Bushy Naiad",Najas gracillima,N
Flatstem Pondweed,Potamogeton zosteriformis,N
Tennessee Pondweed,Potamogeton tennesseensis,N
Straightleaf Pondweed,Potamogeton strictifolius,N
"Spiral Pondweed, Northern Snailseed Pondweed",Potamogeton spirillus,N
Large Yellow Lady's-slipper,Cypripedium parviflorum,N
Oakes' pondweed,Potamogeton oakesianus,N
"Longleaf Pondweed, American Pondweed",Potamogeton nodosus,N
Water Hyacinth,Oshuna crassipes,N
Illinois pondweed,Potamogeton illinoensis,N
Rein Orchid,Platanthera flava,N
Atlantic Mud Plantain,Heteranthera pauciflora,N
Hill's Pondweed,Potamogeton hillii,N
"Waterthread Pondweed, Common Snailseed Pondweed",Potamogeton diversifolius,N
Ribbonleaf Pondweed,Potamogeton epihydrus,N
Leafy Pondweed,Potamogeton foliosus,N
"Flatleaf Pondweed, Fern Pondweed",Potamogeton robbinsii,N
Slender Pondweed,Potamogeton berchtoldii,N
Small Pondweed,Potamogeton pusillus,N
"Clasping-leaf Pondweed, Perfoliate Pondweed",Potamogeton perfoliatus,N
Spotted Pondweed,Potamogeton pulcher,N
"Curled Pondweed, Curly Pondweed",Potamogeton crispus,N
"Bigleaf Pondweed, Large-leaf Pondweed",Potamogeton amplifolius,N
Pickerelweed,Pontederia cordata,N
Water Stargrass,Heteranthera dubia,N
Sago Pondweed,Stuckenia pectinata,N
"Mud Plantain, Kidneyleaf Mud Plantain",Heteranthera reniformis,N
American Bur-reed,Sparganium americanum,N
"Bristly Greenbrier, Chinaroot",Smilax hispida,N
"Red-berried Greenbrier, Coral Greenbrier",Smilax walteri,N
"Common Greenbrier, Bullbrier, Horsebrier",Smilax rotundifolia,N
"Hairy Carrion-flower, Downy Carrion-flower",Smilax pulverulenta,N
"Laurel-leaf Greenbrier, Bamboo-vine, Blaspheme-vine",Smilax laurifolia,N
Coastal Carrion-flower,Smilax pseudochina,N
"Upright Carrion-flower, Upright Greenbrier",Smilax ecirrata,N
"Carrion-flower, Common Carrion-flower, Smooth Carrion-flower",Smilax herbacea,N
"Catbrier, Fringed Greenbrier",Smilax bona-nox,N
"White-leaf Greenbrier, Sawbrier",Smilax glauca,N
"Wigeon-grass, Ditch-grass",Ruppia maritima,N
"Smooth Rose, Meadow Rose",Rosa blanda,N
Summer Sedge,Carex aestivalis,N
Small-fruited Summer Sedge,Carex aestivaliformis,N
Thicket Sedge,Carex abscondita,N
Elliott's Hairsedge,Bulbostylis coarctata,N
River Bulrush,Bolboschoenus fluviatilis,N
"White Baneberry, Dolls'-eyes",Actaea pachypoda,N
Blue Monkshood,Aconitum uncinatum,N
Common Hairsedge,Bulbostylis capillaris,N
Saltmarsh Bulrush,Bolboschoenus robustus,N
New England Bulrush,Bolboschoenus novae-angliae,N
Common Ragweed,Ambrosia artemisiifolia,N
Low Braya,Braya humilis,N
"Pineweed, Orange-grass",Hypericum gentianoides,N
"Golden St. John's-wort, Cedar Glade St. John's-wort",Hypericum frondosum,N
Bushy St. John's-wort,Hypericum densiflorum,N
Lake Cress,Neobeckia aquatica,N
Bushy Aster,Symphyotrichum dumosum,N
"Sweet Birch, Black Birch",Betula lenta,N
Japanese Barberry,Berberis thunbergii,N
"Hoary Alyssum, Hoary False Alyssum",Berteroa incana,N
"Smooth Alder, Hazel Alder",Alnus serrulata,N
"Pale Alyssum, Yellow Alyssum",Alyssum alyssoides,N
"Basket-of-gold, Gold-dust",Aurinia saxatilis,N
Small Bugloss,Anchusa arvensis,N
Mouse-ear Cress,Arabidopsis thaliana,N
"Sicklepod, Canada Rock Cress",Borodinia canadensis,N
Tower Mustard,Turritis glabra,N
Hoary Cress,Lepidium draba,N
Pennsylvania Bittercress,Cardamine pensylvanica,N
Cuckoo-flower,Cardamine pratensis,N
"Small-flowered Bittercress, Sand Bittercress",Cardamine parviflora,N
"Panicled Aster, Eastern Lined Aster",Symphyotrichum lanceolatum,N
Lyre-leaf Rock Cress,Arabidopsis lyrata,N
Spreading Rock Cress,Arabis patens,N
Shale Barren Rock Cress,Borodinia serotina,N
Short's Rock Cress,Borodinia dentata,N
Early Winter Cress,Barbarea verna,N
"Common Winter Cress, Yellow Rocket",Barbarea vulgaris,N
"Leatherleaf Mahonia, Chinese Mahonia, Holly-grape",Mahonia bealei,N
Japanese Hops,Humulus japonicus,N
Common Hops,Humulus lupulus,N
Nettleleaf Goosefoot,Chenopodiastrum murale,N
Gray Goosefoot,Chenopodium opulifolium,N
"Canada Frostweed, Canada Sunrose",Crocanthemum canadense,N
Low Frostweed,Crocanthemum propinquum,N
"Wild Radish, Jointed Charlock, White Charlock",Raphanus raphanistrum,N
Radish,Raphanus sativus,N
"Canada Thistle, Field Thistle",Cirsium arvense,N
Eastern Wahoo,Euonymus atropurpureus,N
"Strawberry-bush, American Strawberry-bush, Heart's-a-bustin'",Euonymus americanus,N
Orange-eye Butterfly-bush,Buddleja davidii,N
Corn-gromwell,Buglossoides arvensis,N
Southern Warty-cabbage,Bunias erucago,N
Northern Bush-honeysuckle,Diervilla lonicera,N
Garden Pink,Dianthus plumarius,N
"Maiden Pink, Meadow Pink",Dianthus deltoides,N
Sweet William,Dianthus barbatus,N
Slender Toothwort,Cardamine angustata,N
"Spring Cress, Bulbous Bittercress",Cardamine bulbosa,N
Winged Pigweed,Dysphania atriplicifolia,N
Smartweed Dodder,Cuscuta polygonorum,N
Beaked Dodder,Cuscuta rostrata,N
"Big-seed Alfalfa Dodder, Large-seed Dodder, Pretty Dodder",Cuscuta indecora,N
Common Dodder,Cuscuta gronovii,N
Buttonbush Dodder,Cuscuta cephalanthi,N
Roundleaf Dogwood,Swida rugosa,N
Silky Dogwood,Swida amomum,N
"Bunchberry, Dwarf Cornel, Dwarf Dogwood",Chamaepericlymenum canadense,N
Flowering Dogwood,Benthamidia florida,N
"Stiff Dogwood, Swamp Dogwood",Swida foemina,N
Silky Dogwood,Swida obliqua,N
"Maple-leaf Goosefoot, Giant-seed Goosefoot",Chenopodiastrum simplex,N
"Gold-of-pleasure, False Flax",Camelina sativa,N
European Sea Rocket,Cakile maritima,N
Field Bindweed,Convolvulus arvensis,N
"Sweet Pepperbush, Coastal White-alder",Clethra alnifolia,N
Narrowleaf Goosefoot,Chenopodium pratericola,N
"Clasping Heliotrope, Wild Heliotrope",Heliotropium amplexicaule,N
Seaside Heliotrope,Heliotropium curassavicum,N
European Heliotrope,Heliotropium europaeum,N
Indian Heliotrope,Heliotropium indicum,N
Dame's Rocket,Hesperis matronalis,N
Annual Candytuft,Iberis amara,N
Garden Balsam,Impatiens balsamina,N
"Orange Jewelweed, Spotted Jewelweed",Impatiens capensis,N
"Yellow Jewelweed, Pale Jewelweed",Impatiens pallida,N
Dyer's Woad,Isatis tinctoria,N
Twinleaf,Jeffersonia diphylla,N
"Field Pepperweed, Field Peppergrass, Cow Cress",Lepidium campestre,N
"Garlic Mustard, Hedge Garlic",Alliaria petiolata,N
Speckled Alder,Alnus incana,N
Frost Aster,Symphyotrichum pilosum,N
"Smooth Blue Aster, Smooth Aster",Symphyotrichum laeve,N
"American Barberry, Allegheny Barberry",Berberis canadensis,N
Smooth Rock Cress,Borodinia laevigata,N
Soft Golden-aster,Bradburia pilosa,N
Turkish Rocket,Bunias orientalis,N
Common Boxwood,Buxus sempervirens,N
American Sea Rocket,Cakile edentula,N
Field Pennycress,Thlaspi arvense,N
Common Comfrey,Symphytum officinale,N
"Common Shepherd's Cress, Bank Cress",Teesdalia nudicaulis,N
Tall Tumble Mustard,Sisymbrium altissimum,N
Marsh-elder,Iva frutescens,N
"Stalkless Yellow Cress, Sessile-flowered Yellow Cress",Rorippa sessiliflora,N
Variable-leaf Yellow Cress,Rorippa indica,N
Marsh Yellow Cress,Rorippa palustris,N
"Grass-leaf Blazing Star, Grass-leaf Gayfeather",Liatris pilosa,N
Mayapple,Podophyllum peltatum,N
"Pachysandra, Japanese-spurge",Pachysandra terminalis,N
"Virginia False Gromwell, Virginia Marbleseed",Lithospermum virginianum,N
"Hop-hornbeam, Eastern Hop-hornbeam, Ironwood",Ostrya virginiana,N
"Shaggy False Gromwell, Eastern Prairie Marbleseed",Lithospermum parviflorum,N
Golden Puccoon,Lithospermum caroliniense,N
Short-fruited Whitlow-grass,Abdra brachycarpa,N
Rocktwist,Draba ramossissima,N
Whitlow-grass,Draba verna,N
"Viper's Bugloss, Blueweed",Echium vulgare,N
Hollyhock,Alcea rosea,N
Black-eyed Susan,Rudbeckia hirta,N
"Rutabaga, Rape, Canola",Brassica napus,N
"Black Mustard, Charlock",Rhamphospermum nigrum,N
"Perfoliate Pennycress, Thoroughwort Pennycress",Noccaea perfoliata,N
"Virginia Bluebells, Virginia Cowslip",Mertensia virginica,N
"Annual Honesty, Money Plant, Silver-dollar",Lunaria annua,N
Western Wallflower,Erysimum capitatum,N
Borage,Borago officinalis,N
"Prairie Rosin Weed, Prairie Dock",Silphium terebinthinaceum,N
"Sharp-leaved Goldenrod, Cut-leaved Goldenrod",Solidago arguta,N
Cross-vine,Bignonia capreolata,N
Canada Goldenrod,Solidago canadensis,N
European White Birch,Betula pendula,N
Gray Birch,Betula populifolia,N
Virginia Roundleaf Birch,Betula lenta,N
Umbrella-leaf,Diphylleia cymosa,N
"Common Tansy Mustard, Herb Sophia",Descurainia sophia,N
Hound's-tongue,Cynoglossum officinale,N
Wild Comfrey,Andersonglossum virginianum,N
Western Tansy Mustard,Descurainia pinnata,N
"Rough-stemmed Goldenrod, Wrinkle-leaf Goldenrod",Solidago rugosa,N
Paper Birch,Betula papyrifera,N
"Hare's-ear Mustard, Treacle Mustard",Conringia orientalis,N
Lesser Swinecress,Lepidium didymum,N
Northern Catalpa,Catalpa speciosa,N
Small-anthered Bittercress,Cardamine micranthera,N
Long's Bittercress,Cardamine longii,N
Narrow-leaf Bittercress,Cardamine impatiens,N
Hairy Bittercress,Cardamine hirsuta,N
Blue Ridge Bittercress,Cardamine flagellifera,N
Purple Cress,Cardamine douglassii,N
Cut-leaf Toothwort,Cardamine concatenata,N
"Red Amaranth, Blood Amaranth, Purple Amaranth",Amaranthus cruentus,N
Woodland Agrimony,Agrimonia rostellata,N
Savanna Hairsedge,Bulbostylis ciliatifolia,N
"Carolina Nutrush, Papillose Nutrush",Scleria pauciflora,N
Slender Spikerush,Eleocharis tenuis,N
"Small Cane, Switch Cane",Arundinaria tecta,N
Buffalo Grass,Bouteloua dactyloides,N
"Downy Brome, Downy Chess, Cheatgrass",Bromus tectorum,N
"Cheat, Common Chess, Rye Brome",Bromus secalinus,N
Broom Brome,Bromus scoparius,N
Ripgut Grass,Bromus rigidus,N
"Smooth Brome, Bald Brome, Meadow Brome, Hairy Chess",Bromus racemosus,N
"Common Eastern Brome Grass, Hairy Woodland Brome",Bromus pubescens,N
Downy Agrimony,Agrimonia pubescens,N
"Nottoway Valley Brome Grass, Satin Brome",Bromus nottowayanus,N
"Riverbank Brome, Auricled Brome, Hairy Woodbrome",Bromus latiglumis,N
"Arctic Brome, Prairie Brome",Bromus kalmii,N
"Japanese Brome Grass, Japanese Chess",Bromus japonicus,N
"Awnless Brome Grass, Smooth Brome",Bromus inermis,N
"Hairy Nutrush, Fringed Nutrush",Scleria ciliata,N
Slender Woodland Sedge,Carex digitalis,N
"Small-flowered Agrimony, Harvest-lice",Agrimonia parviflora,N
Low Agrimony,Agrimonia microcarpa,N
"Soft Brome Grass, Soft Chess",Bromus hordeaceus,N
Tall Hairy Agrimony,Agrimonia gryposepala,N
"Upright Brome, Erect Brome",Bromus erectus,N
"Fringed Brome Grass, Fringed Brome",Bromus ciliatus,N
Rescue Grass,Bromus catharticus,N
Lesser Quaking Grass,Briza minor,N
Northern Shorthusk,Brachyelytrum aristosum,N
"Bearded Shorthusk, Common Shorthusk",Brachyelytrum erectum,N
Side-oats Grama,Bouteloua curtipendula,N
Big Carpetgrass,Axonopus furcatus,N
Purple Giant Hyssop,Agastache scrophulariifolia,N
Yellow Giant Hyssop,Agastache nepetoides,N
"Slender-leaf False Foxglove, Slender False Foxglove",Agalinis tenuifolia,N
"Common Carpetgrass, Southern Carpetgrass",Axonopus fissifolius,N
Oats,Avena sativa,N
Giant Reed,Arundo donax,N
Dark Green Sedge,Carex venusta,N
"Giant Cane, River Cane",Arundinaria gigantea,N
Joint-head Grass,Arthraxon hispidus,N
Tall Oatgrass,Arrhenatherum elatius,N
White Monkshood,Aconitum reclinatum,N
Tuber Oatgrass,Arrhenatherum elatius,N
"Sea-beach Needlegrass, Seaside Three-awn Grass",Aristida tuberculosa,N
Wandlike Three-awn Grass,Aristida virgata,N
Prairie Three-awn Grass,Aristida oligantha,N
Woolly Three-awn Grass,Aristida lanosa,N
Curtiss' Three-awn Grass,Aristida dichotoma,N
Sweet Vernal Grass,Anthoxanthum odoratum,N
Annual Vernal Grass,Anthoxanthum aristatum,N
"Broomsedge, Broomstraw, Sedge Grass, Sage Grass",Andropogon virginicus,N
Deceptive Bluestem,Andropogon campbellii,N
"Splitbeard Bluestem, Silvery Bluestem",Andropogon ternarius,N
Narrow-leaved Bluestem,Andropogon perangustatus,N
Creeping Bentgrass,Agrostis stolonifera,N
"Mohr's Bluestem, Tawny Bluestem",Andropogon mohrii,N
Salt Marsh False Foxglove,Agalinis maritima,N
Rough Bentgrass,Agrostis scabra,N
Elliott's Bluestem,Andropogon gyrans,N
Earleaf False Foxglove,Agalinis auriculata,N
"Tall False Foxglove, Fascicled False Foxglove",Agalinis fasciculata,N
Painted Buckeye,Aesculus sylvatica,N
Yellow Buckeye,Aesculus flava,N
Maritime Bushy Bluestem,Andropogon tenuispatheus,N
"Sensitive Joint-vetch, Northern Joint-vetch",Aeschynomene virginica,N
Hairy Bluestem,Andropogon hirsutior,N
Virginia Shale Woodland Violet,Viola tenuisecta,N
Velvetleaf,Abutilon theophrasti,N
Deptford Pink,Dianthus armeria,N
Larkspur Coreopsis,Coreopsis auriculata,N
Colonial Bentgrass,Agrostis capillaris,N
"Elliott's Bentgrass, Southern Bentgrass",Agrostis elliottiana,N
Redtop,Agrostis gigantea,N
"Winter Bentgrass, Ticklegrass",Agrostis hyemalis,N
"Coastal Bog Bentgrass, Tall Bentgrass",Agrostis altissima,N
Autumn Bentgrass,Agrostis perennans,N
Chalky Bluestem,Andropogon cretaceus,N
"Big Bluestem, Turkeyfoot",Andropogon gerardii,N
Oakleaf Goosefoot,Oxybasis glauca,N
Large-flowered Coreopsis,Coreopsis grandiflora,N
"Pine-barrens Peanut Grass, Pine-Barrens Goobergrass, Blue Maidencane",Amphicarpum amphicarpon,N
American Beach Grass,Calamagrostis breviligulata,N
Meadow Foxtail,Alopecurus pratensis,N
Slender Foxtail Grass,Alopecurus myosuroides,N
Water Foxtail Grass,Alopecurus geniculatus,N
Carolina Foxtail Grass,Alopecurus carolinianus,N
Short-awn Foxtail Grass,Alopecurus aequalis,N
"Early Hairgrass, Spike Hairgrass",Aira praecox,N
Elegant Hairgrass,Aira elegans,N
Silver Hairgrass,Aira caryophyllea,N
Davis's Sedge,Carex davisii,N
Greater Periwinkle,Vinca major,N
Savanna Coreopsis,Coreopsis linifolia,N
Long-stalk Coreopsis,Coreopsis lanceolata,N
"Low Wild-petunia, Hairy Wild-petunia",Ruellia humilis,N
"Small White Snakeroot, Lesser Snakeroot",Ageratina aromatica,N
Southern Horseweed,Erigeron pusillus,N
Carolina Thistle,Cirsium carolinianum,N
"Chicory, Succory",Cichorium intybus,N
"Water-hemlock, Spotted Water-hemlock",Cicuta maculata,N
"Winter Creeper, Climbing Euonymus",Euonymus fortunei,N
Cottony Golden-aster,Chrysopsis gossypina,N
"Skeleton-weed, Rush Skeleton-weed",Chondrilla juncea,N
"Plains Frostweed, Hoary Frostweed",Crocanthemum bicknellii,N
"Sandy-woods Chaffhead, Sandhill Chaffhead",Carphephorus bellidifolius,N
Woolly Chaffhead,Carphephorus tomentosus,N
Spotted Knapweed,Centaurea stoebe,N
Purple Star-thistle,Centaurea calcitrapa,N
"Cornflower, Bachelor's-buttons",Cyanus segetum,N
"Sandhill Thistle, Coastal Plain Thistle",Cirsium repandum,N
Pasture Thistle,Cirsium pumilum,N
Swamp Thistle,Cirsium muticum,N
"Musk Thistle, Nodding Thistle",Carduus nutans,N
False Boneset,Brickellia eupatorioides,N
"Seaside Oxeye, Sea Oxeye",Borrichia frutescens,N
Carolina Doll's-daisy,Boltonia caroliniana,N
"Nodding Beggar-ticks, Nodding Bur-marigold",Bidens cernua,N
Common Yarrow,Achillea borealis,N
White Snakeroot,Ageratina altissima,N
"English Daisy, Lawn Daisy",Bellis perennis,N
"High-tide Bush, Groundsel Tree",Baccharis halimifolia,N
"Hoary Mugwort, Beach Wormwood",Artemisia stelleriana,N
Kentucky Coffee-tree,Gymnocladus dioica,N
Great Indian-plantain,Arnoglossum reniforme,N
Golden Chamomile,Cota tinctoria,N
Corn Chamomile,Anthemis arvensis,N
Shale-barren Pussytoes,Antennaria virginica,N
Single-head Pussytoes,Antennaria solitaria,N
Loose Water-milfoil,Myriophyllum laxum,N
Carolina Green-and-gold,Chrysogonum repens,N
Plantain-leaved Pussytoes,Antennaria plantaginifolia,N
Swamp Milkweed,Asclepias incarnata,N
Prairie Broomweed,Amphiachyris dracunculoides,N
Giant Ragweed,Ambrosia trifida,N
"Wild Sensitive Plant, Sensitive Partridge-pea",Chamaecrista nictitans,N
"Marsh Patridge-pea, Marsh Senna",Chamaecrista fasciculata,N
Little Mouse-ear Chickweed,Cerastium semidecandrum,N
Dwarf Mouse-ear,Cerastium pumilum,N
"American Hornbeam, Ironwood",Carpinus caroliniana,N
Common Mouse-ear Chickweed,Cerastium fontanum,N
Gray Mouse-ear Chickweed,Cerastium brachypetalum,N
Oriental Bittersweet,Celastrus orbiculatus,N
"Climbing Bittersweet, American Bittersweet",Celastrus scandens,N
"Southern Harebell, Appalachian Bellflower",Campanula divaricata,N
Low Bindweed,Calystegia spithamaea,N
Seaside Bindweed,Calystegia soldanella,N
Catesby's False Bindweed,Calystegia catesbeiana,N
Pond Water-starwort,Callitriche stagnalis,N
Terrestrial Water-starwort,Callitriche terrestris,N
"Halberd-leaf Orach, Thin-leaf Orach, Triangle Orach",Atriplex prostrata,N
Spear Orach,Atriplex patula,N
Sea-beach Orach,Atriplex mucronata,N
Anomalous Mouse-ear Chickweed,Cerastium dubium,N
Spreading Sandwort,Arenaria lanuginosa,N
"Common Pyxie-moss, Flowering Pyxie-moss, Big Pyxie",Pyxidanthera barbulata,N
"Shortia, Oconee Bells",Shortia galacifolia,N
Marsh Bellflower,Palustricodon aparinoides,N
Black Huckleberry,Gaylussacia baccata,N
Box Huckleberry,Gaylussacia brachycera,N
Dwarf Huckleberry,Gaylussacia dumosa,N
Downy Lobelia,Lobelia puberula,N
Trailing Arbutus,Epigaea repens,N
Pale-spike Lobelia,Lobelia spicata,N
Ten-lobe False Foxglove,Agalinis obtusifolia,N
Small Waterwort,Elatine minima,N
"Bearberry, Kinnikinick",Arctostaphylos uva-ursi,N
Snowberry,Symphoricarpos albus,N
Thorny Olive,Elaeagnus pungens,N
Autumn Olive,Elaeagnus umbellata,N
American Waterwort,Elatine americana,N
Chamber Bitter,Emblica urinaria,N
Mascarene Island Leaf-flower,Moeroris tenella,N
Cut-leaf Teasel,Dipsacus laciniatus,N
Dwarf Sundew,Drosera brevifolia,N
Pink Sundew,Drosera capillaris,N
"Water Sundew, Spoonleaf Sundew",Drosera intermedia,N
Roundleaf Sundew,Drosera rotundifolia,N
Wavy-leaf Noseburn,Tragia urens,N
Nettle-leaf Noseburn,Tragia urticifolia,N
"American Ipepac, Wild Ipepac",Euphorbia ipecacuanhae,N
"Caper Spurge, Mole Plant",Euphorbia lathyris,N
Snow-on-the-mountain,Euphorbia marginata,N
"Cumberland Spruge, Mercury Spurge",Euphorbia mercurialina,N
Hairy Forked Nailwort,Paronychia fastigiata,N
False Flowering Spurge,Euphorbia pubentissima,N
Petty Spruge,Euphorbia peplus,N
"Toothed Spurge, Green Poinsettia",Euphorbia dentata,N
Flowering Spurge,Euphorbia corollata,N
"Wild Poinsettia, Fire-on-the-Mountain",Euphorbia cyathophora,N
"Glade Rushfoil, Outcrop Rushfoil, Willdenow's Croton",Croton willdenowii,N
"Woolly Croton, Hogwort",Croton capitatus,N
"Seaside Spurge, Seaside Sandmat",Euphorbia polygonifolia,N
"Nodding Spurge, Eyebane",Euphorbia nutans,N
"Spotted Spurge, Milk-purslane",Euphorbia maculata,N
Spreading Sandmat,Euphorbia humistrata,N
"Deam's Copperleaf, Big-seeded Copperleaf, Two-seeded Copperleaf",Acalypha deamii,N
Deerberry,Vaccinium stamineum,N
"Velvetleaf Blueberry, Canada Blueberry",Vaccinium myrtilloides,N
"Cranberry, Large Cranberry",Vaccinium macrocarpon,N
"Hairy Highbush Blueberry, Black Highbush Blueberry",Vaccinium fuscatum,N
"Southern Highbush Blueberry, Swamp Highbush Blueberry",Vaccinium formosum,N
"Elliott's Blueberry, Mayberry",Vaccinium elliottii,N
"Southern Mountain Cranberry, Highbush Cranberry",Vaccinium erythrocarpum,N
Creeping Blueberry,Vaccinium crassifolium,N
"Wild Azalea, Pinxterflower, Pinxterbloom Azalea",Rhododendron periclymenoides,N
Field Dodder,Cuscuta campestris,N
Live-for-ever,Hylotelephium telephium,N
"Sheep Laurel, Sheepkill",Kalmia angustifolia,N
"Sourwood, Sorrel Tree",Oxydendrum arboreum,N
Sweet Pinesap,Monotropsis odorata,N
Indian Pipe,Monotropa uniflora,N
Shining Fetterbush,Lyonia lucida,N
"Fetterbush, Swamp Dog-hobble",Eubotrys racemosus,N
"Highland Dog-hobble, Mountain Dog-hobble, Drooping Leucothoe",Leucothoe fontanesiana,N
"Evergreen Mountain Fetterbush, Mountain Andromeda",Pieris floribunda,N
Hog-peanut,Amphicarpaea bracteata,N
Purple False Foxglove,Agalinis purpurea,N
Threadleaf False Foxglove,Agalinis setacea,N
"Southern Joint-vetch, Indian Joint-vetch",Aeschynomene indica,N
"Eastern Alkali Grass, Saltmarsh Goosegrass",Puccinellia fasciculata,N
Slender False Brome,Brachypodium sylvaticum,N
"Narrow-leaf Vetch, Common Vetch",Vicia sativa,N
"Hairy Sedge, Hammer Sedge",Carex hirta,N
"Yellow Bugle, Ground-pine Bugle",Ajuga chamaepitys,N
"Garden Loosestrife, Yellow Loosestrife",Lysimachia vulgaris,N
Goosefoot Corn-salad,Valerianella chenopodiifolia,N
Callery Pear,Pyrus calleryana,N
Scarlet Firethorn,Pyracantha coccinea,N
Cherry Plum,Prunus cerasifera,N
"Hairy Beggar-ticks, Common Beggar-ticks",Bidens pilosa,N
Wright's Beaksedge,Rhynchospora wrightiana,N
"Bog St. John's-wort, Creeping St. John's-wort",Hypericum adpressum,N
"Highbush Blueberry, Northern Highbush Blueberry",Vaccinium corymbosum,N
"Climbing Fumitory, Alleghany Vine",Adlumia fungosa,I
"New Jersey Blueberry, New Jersey Highbush Blueberry",Vaccinium caesariense,I
Blue Ridge Blueberry,Vaccinium altomontanum,I
"Swamp Azalea, Clammy Azalea",Rhododendron viscosum,I
"Early Azalea, Rose Azalea, Roseshell Azalea",Rhododendron prinophyllum,I
Perennial Ragweed,Ambrosia psilostachya,I
Field Chickweed,Cerastium velutinum,I
"Perilla, Beefsteak Plant",Perilla frutescens,I
"Creeping Mazus, Miquel's Mazus",Mazus miquelii,I
Fountain Grass,Cenchrus purpurascens,I
Globe Beaksedge,Rhynchospora globularis,I
Peter's Mountain Mallow,Iliamna corei,I
Japanese Snowball,Viburnum plicatum,I
Virginia Meadow Beauty,Rhexia virginica,I
Northern Bayberry,Morella pensylvanica,I
Tree-of-heaven,Ailanthus altissima,I
Beaked Panic Grass,Coleataenia anceps,I
White Ash,Fraxinus americana,I
Enchanter's Night-shade,Circaea canadensis,I
"Fireweed, Great Willow-herb",Chamaenerion angustifolium,I
Narrow-leaved Seedbox,Ludwigia linearis,I
"Silvery Everlasting, Silver Cudweed",Gamochaeta argyrinea,I
Common Evening-primrose,Oenothera biennis,I
Sundrops,Oenothera tetragona,I
Gray Everlasting,Gamochaeta impatiens,I
Rosin Weed,Silphium asteriscus,I
"Sycamore, American Sycamore",Platanus occidentalis,I
Giant Salvinia,Salvinia molesta,I
"Long-bristled Smartweed, Bristly Lady's-Thumb",Persicaria longiseta,I
"Fringed Bindweed, Fringed Black Bindweed",Parogonum ciliinode,I
"Bindweed, Black Bindweed",Fallopia convolvulus,I
Japanese Knotweed,Reynoutria japonica,I
Dense-flowered Smartweed,Persicaria densiflora,I
Gray-headed Coneflower,Ratibida pinnata,I
"American Queen Anne's Lace, American Wild Carrot",Daucus pusillus,I
Coastal Plain Serviceberry,Amelanchier obovalis,I
Roundleaf Serviceberry,Amelanchier sanguinea,I
"Small Thyme-leaved Sandwort, Slender Sandwort",Arenaria leptoclados,I
Crimson Weigela,Weigela floribunda,I
"Water Celery, Java Water Dropwort",Oenanthe javanica,I
Yellow Floating Heart,Nymphoides peltata,I
Narrow-leaved Arrowhead,Sagittaria filiformis,I
Snow-in-summer,Cerastium tomentosum,I
Sandhills Butterfly-weed,Asclepias tuberosa,I
Long-beaked Beaksedge,Rhynchospora scirpoides,I
Summer Bluets,Houstonia purpurea,I
Bracken Fern,Pteridium aquilinum,I
Brownish Beaksedge,Rhynchospora capitellata,I
Valley Doll's-daisy,Boltonia montana,I
Boynton's Hawthorn,Crataegus intricata,I
Cow-wheat,Melampyrum lineare,I
"Northern Mannagrass, Lax Mannagrass",Glyceria laxa,I
Sweet White Violet,Viola blanda,I
"Hairy Crabgrass, Big Crabgrass, Southern Crabgrass",Digitaria sanguinalis,I
"Starry Solomon's-plume, Starry False Solomon's-seal",Maianthemum stellatum,I
"Eastern Solomon's-plume, False Solomon's-seal",Maianthemum racemosum,I
"Canada Mayflower, False Lily-of-the-valley",Maianthemum canadense,I
Carolina Lily,Lilium michauxii,I
Blue-flower Eryngo,Eryngium integrifolium,I
Glossy-seed Yellow Stargrass,Hypoxis sessilis,I
Garden Hyacinth,Hyacinthus orientalis,I
Pale Duckweed,Lemna valdiviana,I
Lesser Duckweed,Lemna aequinoctialis,I
Honewort,Cryptotaenia canadensis,I
"Coriander, Cilantro",Coriandrum sativum,I
Poison Ivy,Toxicodendron radicans,I
St. Peter's-wort,Hypericum crux-andreae,I
Canada St. John's-wort,Hypericum canadense,N
Northern St. John's-wort,Hypericum boreale,N
"Allegheny Stonecrop, Allegheny Live-for-ever",Hylotelephium telephioides,N
"Garden Stonecrop, Garden Orpine",Hylotelephium erythrostictum,N
Jagged Chickweed,Holosteum umbellatum,N
European Spindle Tree,Euonymus europaeus,N
"Hairy-fruit Chervil, Southern Wild Chervil",Chaerophyllum tainturieri,N
Carolina Ponyfoot,Dichondra carolinensis,N
Red-osier Dogwood,Swida sericea,N
"Wild Cucumber, Prickly Cucumber, Wild Balsam-apple",Echinocystis lobata,N
Hazel Dodder,Cuscuta coryli,N
Compact Dodder,Cuscuta compacta,N
Gray Dogwood,Swida racemosa,N
"Alternate-leaf Dogwood, Pagoda Cornel, Pagoda Dogwood",Swida alternifolia,N
Cantaloupe,Cucumis melo,N
Trumpet-creeper,Campsis radicans,N
Caraway,Carum carvi,N
"Round-leaf Thoroughwax, Hare's-ear",Bupleurum rotundifolium,N
"Little-seed False Flax, Little-pod False Flax",Camelina microcarpa,N
"White Ball Mustard, Calepina",Calepina irregularis,N
"Mountain Pepperbush, Mountain White-alder",Clethra acuminata,N
Virginia Stickseed,Hackelia virginiana,N
"Sea-beach Sandwort, Sea Sandwort",Honckenya peploides,N
"Juniper-leaf, Rustweed, Polypremum",Polypremum procumbens,N
"Winged Euonymus, Burning Bush",Euonymus alatus,N
Common Shepherd's Purse,Capsella bursa-pastoris,N
Five-angled Dodder,Cuscuta pentagona,N
Wild Sarsaparilla,Aralia nudicaulis,N
"Common Pepperweed, Prairie Peppergrass, Green-flowered Peppergrass",Lepidium densiflorum,N
Fogg's Goosefoot,Chenopodium foggii,N
"Jerusalem-oak, Feather-geranium",Dysphania botrys,N
Seacoast Angelica,Angelica lucida,N
Hairy Coreopsis,Coreopsis pubescens,N
Dill,Anethum graveolens,N
"Pawpaw, Common Pawpaw",Asimina triloba,N
"Mexican Tea, Wormseed, Epazote",Dysphania ambrosioides,N
"Roadside Pennycress, Garlic Pennycress",Mummenhoffia alliacea,N
Charlock,Rhamphospermum arvensis,N
Virginia Winged Rock Cress,Planodes virginicum,N
Creeping Yellow Cress,Rorippa sylvestris,N
Hairy Marsh Yellow Cress,Rorippa palustris,N
Western Poison Ivy,Toxicodendron rydbergii,N
Annual Bastard Cabbage,Rapistrum rugosum,N
Sweet Alyssum,Lobularia maritima,N
"Tuberous Gromwell, Tuberous Stoneseed",Lithospermum tuberosum,N
Poison Oak,Toxicodendron pubescens,N
Hoary Puccoon,Lithospermum canescens,N
Staghorn Sumac,Rhus typhina,N
"Michaux's Sumac, Dwarf Sumac",Rhus michauxii,N
"Virginia Pepperweed, Virginia Peppergrass, Common Peppergrass, Poor Man's Pepper",Lepidium virginicum,N
Garden Cress,Lepidium sativum,N
Narrowleaf Pepperwort,Lepidium ruderale,N
"Spreading Wallflower, Bushy Wallflower, Treacle Mustard",Erysimum repandum,N
"Indian Mustard, Chinese Mustard",Brassica juncea,N
Perennial Wall-rocket,Diplotaxis tenuifolia,N
Annual Wall-rocket,Diplotaxis muralis,N
"Carolina Wild-petunia, Common Wild-petunia",Ruellia caroliniensis,N
Pursh's Wild-petunia,Ruellia purshiana,N
Clammy Goosefoot,Dysphania pumilio,N
Slender Cottonweed,Froelichia gracilis,N
Beaked Hazelnut,Corylus cornuta,N
"American Bittercress, Mountain Watercress",Cardamine rotundifolia,N
"Slender Amaranth, Tropical Green Amaranth",Amaranthus viridis,N
"River Birch, Red Birch",Betula nigra,N
Plumed Cockscomb,Celosia argentea,N
Spiny Amaranth,Amaranthus spinosus,N
"American Hazelnut, American Filbert",Corylus americana,N
"Blue Cohosh, Common Blue Cohosh",Caulophyllum thalictroides,N
Northern Blue Cohosh,Caulophyllum giganteum,N
Wavy Bittercress,Cardamine occulta,N
"Crinkleroot, Two-leaf Toothwort",Cardamine diphylla,N
Mountain Bittercress,Cardamine clematitis,N
Southern Catalpa,Catalpa bignonioides,N
Yellow Birch,Betula alleghaniensis,N
Pit-seed Goosefoot,Chenopodium berlandieri,N
Coppery St. John's-wort,Hypericum denticulatum,N
"Nits-and-lice, Drummond's St. John's-wort",Hypericum drummondii,N
Hedge Mustard,Sisymbrium officinale,N
"Sand Heather, Woolly Beach Heather",Hudsonia tomentosa,N
"Purple Amaranth, Livid Amaranth",Amaranthus blitum,N
"Turnip, Bird's Rape, Field Rape, Field Mustard",Brassica rapa,N
Wormseed Wallflower,Erysimum cheiranthoides,N
"Mat Chaff Flower, Khakiweed",Alternanthera pungens,N
Alligator-weed,Alternanthera philoxeroides,N
Sugar Maple,Acer saccharum,N
Silver Maple,Acer saccharinum,N
"Mimosa, Silk Tree",Albizia julibrissin,N
Red Maple,Acer rubrum,N
Black Maple,Acer nigrum,N
"Boxelder, Eastern Boxelder",Acer negundo,N
"Fork-leaf Toothwort, Dissected Toothwort",Cardamine dissecta,N
"Southern Sugar Maple, Florida Maple",Acer floridanum,N
Timothy,Phleum pratense,N
"Sandhill St. John's-wort, Lloyd's St. John's-wort",Hypericum lloydii,N
"Clasping St. John's-wort, Clasping-leaf St. John's-wort",Hypericum gymnanthum,N
Carpet-bugle,Ajuga reptans,N
"Smooth Wild-petunia, Limestone Wild-petunia",Ruellia strepens,N
Ebony Spleenwort,Asplenium platyneuron,N
"Fraser Fir, Southern Balsam",Abies fraseri,N
"Southern Maidenhair Fern, Venus'-hair Fern",Adiantum capillus-veneris,N
Northern Maidenhair Fern,Adiantum pedatum,N
Mountain Spleenwort,Asplenium montanum,N
Blackstem Spleenwort,Asplenium resiliens,N
Walking Fern,Asplenium rhizophyllum,N
American Wall-rue,Asplenium ruta-muraria,N
Maidenhair Spleenwort,Asplenium trichomanes,N
Southern Lady Fern,Athyrium asplenioides,N
"Eastern Mosquito Fern, Water Fern",Azolla caroliniana,N
Southern Grape Fern,Sceptridium biternatum,N
"Cut-leaf Grape Fern, Dissected Grape Fern",Sceptridium dissectum,N
Alabama Grape Fern,Sceptridium jenmanii,N
"Triangle Grape Fern, Lanceleaf Moonwort",Botrychium angustisegmentum,N
"Daisyleaf Grape Fern, Daisyleaf Moonwort",Botrychium matricariifolium,N
Leathery Grape Fern,Sceptridium multifidum,N
Blunt-lobed Grape Fern,Sceptridium oneidense,N
"Dwarf Grape Fern, Least Moonwort",Botrychium simplex,N
Rattlesnake Fern,Botrypus virginianus,N
Japanese Plum Yew,Cephalotaxus harringtonia,N
Atlantic White Cedar,Chamaecyparis thyoides,N
Alabama Lip Fern,Myriopteris alabamensis,N
Chestnut Lip Fern,Myriopteris rufa,N
Slender Lip Fern,Myriopteris gracilis,N
Hairy Lip Fern,Myriopteris lanosa,N
Woolly Lip Fern,Myriopteris tomentosa,N
Asian Net-vein Holly Fern,Cyrtomium falcatum,N
"Bulblet Fern, Bulblet Bladder Fern",Cystopteris bulbifera,N
"Lowland Bladder Fern, Lowland Brittle Fern",Cystopteris protrusa,N
Tennessee Bladder Fern,Cystopteris tennesseensis,N
"Fragile Fern, Mackay's Bladder Fern",Cystopteris tenuis,N
Hay-scented Fern,Sitobolium punctilobulum,N
Silvery Spleenwort,Deparia acrostichoides,N
"Common Running-cedar, Common Running-pine",Diphasiastrum digitatum,N
"Ground-cedar, Blue Running-cedar",Diphasiastrum tristachyum,N
Glade Fern,Homalosorus pycnocarpos,N
Mountain Wood Fern,Dryopteris campyloptera,N
"Spinulose Wood Fern, Toothed Wood Fern",Dryopteris carthusiana,N
Log Fern,Dryopteris celsa,N
"Crested Wood Fern, Crested Fern",Dryopteris cristata,N
Goldie's Wood Fern,Dryopteris goldieana,N
"Evergreen Wood Fern, Fancy Fern",Dryopteris intermedia,N
Marginal Wood Fern,Dryopteris marginalis,N
Field Horsetail,Equisetum arvense,N
Water Horsetail,Equisetum fluviatile,N
Tall Scouring-Rush,Equisetum praealtum,N
Woodland Horsetail,Equisetum sylvaticum,N
Appalachian Oak Fern,Gymnocarpium appalachianum,N
"Appalachian Fir Clubmoss, Appalachian Clubmoss, Appalachian Firmoss",Huperzia appressa,N
Torrey's Beaksedge,Rhynchospora torreyana,N
"Shining Clubmoss, Shining Firmoss",Huperzia lucidula,N
Rock Clubmoss,Huperzia porophila,N
Thread-leaved Beaksedge,Rhynchospora filifolia,N
Appalachian Quillwort,Isoetes appalachiana,N
Engelmann's Quillwort,Isoetes engelmannii,N
Winter Quillwort,Isoetes hyemalis,N
Lake Quillwort,Isoetes lacustris,N
Mattaponi Quillwort,Isoetes mattaponica,N
Black-footed Quillwort,Isoetes melanopoda,N
Piedmont Quillwort,Isoetes piedmontana,N
Shore Quillwort,Isoetes riparia,N
Mountain Quillwort,Isoetes valida,N
Virginia Quillwort,Isoetes virginica,N
"Ground Juniper, Mountain Juniper",Juniperus communis,N
Eastern Redcedar,Juniperus virginiana,N
Foxtail Clubmoss,Lycopodiella alopecuroides,N
Southern Bog Clubmoss,Lycopodiella appressa,N
Northern Bog Clubmoss,Lycopodiella inundata,N
"Stiff Clubmoss, Bristly Clubmoss",Spinulum annotinum,N
"Staghorn Clubmoss, Running Clubmoss",Lycopodium clavatum,N
"Tree Ground-pine, Prickly Tree-clubmoss, Round-branch Tree-clubmoss",Dendrolycopodium dendroideum,N
"Hickey's Ground-pine, Hickey's Tree-clubmoss",Dendrolycopodium hickeyi,N
"Common Ground-pine, Common Tree-clubmoss, Flat-branched Tree-clubmoss",Dendrolycopodium obscurum,N
"American Climbing Fern, Hartford Fern",Lygodium palmatum,N
Swordfern,Macrothelypteris torresiana,N
Australian Water-clover,Marsilea mutica,N
Ostrich Fern,Matteuccia struthiopteris,N
"Sensitive Fern, Bead Fern",Onoclea sensibilis,N
"Limestone Adder's-tongue, Engelmann's Adder's-tongue",Ophioglossum engelmannii,N
Long-stem Adder's-tongue,Ophioglossum petiolatum,N
Northern Adder's-tongue,Ophioglossum pusillum,N
Southern Adder's-tongue,Ophioglossum pycnostichum,N
Cinnamon Fern,Osmundastrum cinnamomeum,N
Glandular Cinnamon Fern,Osmundastrum cinnamomeum,N
Interrupted Fern,Claytosmunda claytoniana,N
Royal Fern,Osmunda spectabilis,N
Purple Cliff-brake,Pellaea atropurpurea,N
Smooth Cliff-brake,Pellaea glabella,N
Broad Beech Fern,Phegopteris hexagonoptera,N
Norway Spruce,Picea abies,N
Red Spruce,Picea rubens,N
Shortleaf Pine,Pinus echinata,N
Longleaf Pine,Pinus palustris,N
Table-mountain Pine,Pinus pungens,N
Red Pine,Pinus resinosa,N
Pitch Pine,Pinus rigida,N
Pond Pine,Pinus serotina,N
Eastern White Pine,Pinus strobus,N
Loblolly Pine,Pinus taeda,N
"Virginia Pine, Scrub Pine",Pinus virginiana,N
"Resurrection Fern, Scaly Polypody",Pleopeltis michauxiana,N
"Appalachian Rock Polypody, Appalachian Rockcap Fern",Polypodium appalachianum,N
"Common Rock Polypody, Common Rockcap Fern",Polypodium virginianum,N
Christmas Fern,Polystichum acrostichoides,N
"Carolina Bog Clubmoss, Slender Clubmoss",Pseudolycopodiella caroliniana,N
Eastern Bracken Fern,Pteridium aquilinum,N
Southern Bracken Fern,Pteridium aquilinum,N
Spider Fern,Pteris multifida,N
Meadow Spikemoss,Selaginella apoda,N
Rock Spikemoss,Selaginella rupestris,N
Pondcypress,Taxodium ascendens,N
Baldcypress,Taxodium distichum,N
"Canada Yew, American Yew",Taxus canadensis,N
New York Fern,Amauropelta noveboracensis,N
Marsh Fern,Thelypteris palustris,N
"Bog Fern, Massachusetts Fern",Coryphopteris simulata,N
"American Arborvitae, Northern Whitecedar, Flat Cedar",Thuja occidentalis,N
Appalachian Filmy Fern,Vandenboschia boschiana,N
"Grotto-felt, Appalachian Trichomanes, Weft Fern",Crepidomanes intricatum,N
"Eastern Hemlock, Canada Hemlock",Tsuga canadensis,N
Carolina Hemlock,Tsuga caroliniana,N
"Appalachian Shoestring Fern, Appalachian Gametophyte",Vittaria appalachiana,N
"Rusty Woodsia, Rusty Cliff Fern",Woodsia ilvensis,N
"Blunt-lobed Woodsia, Blunt-lobed Cliff Fern",Woodsia obtusa,N
"Appalachian Woodsia, Appalachian Cliff Fern, Mountain Woodsia",Woodsia appalachiana,N
Netted Chain Fern,Lorinseria areolata,N
Virginia Chain Fern,Anchistea virginica,N
Woolly Sedge,Carex pellita,N
Long-stalk Sedge,Carex pedunculata,N
Sharp-scale Sedge,Carex oxylepis,N
Pale Sedge,Carex pallescens,N
Necklace Spike Sedge,Carex ormostachya,N
Greater Straw Sedge,Carex normalis,N
Oklahoma Sedge,Carex oklahomensis,N
Eastern Few-fruited Sedge,Carex oligocarpa,N
Florida Sedge,Carex floridana,N
Black-edged Sedge,Carex nigromarginata,N
Muehlenberg's Sedge,Carex muehlenbergii,N
Frightful Sedge,Carex molestiformis,N
Small-fruited Muehlenberg's Sedge,Carex muehlenbergii,N
Mitchell's Sedge,Carex mitchelliana,N
Troublesome Sedge,Carex molesta,N
"Blue Ridge Purple Sedge, Manhart's Sedge",Carex manhartii,N
Mead's Sedge,Carex meadii,N
Midland Sedge,Carex mesochorea,N
Sallow Sedge,Carex lurida,N
Appalachian Woodland Sedge,Carex austrolucorum,N
False Hop Sedge,Carex lupuliformis,N
Hop Sedge,Carex lupulina,N
Louisiana Sedge,Carex louisianica,N
Southern Long Sedge,Carex lonchocarpa,N
Long's Sedge,Carex longii,N
"Finely-nerved Sedge, Nerveless Woodland Sedge",Carex leptonervia,N
Leavenworth's Sedge,Carex leavenworthii,N
Bristly-stalk Sedge,Carex leptalea,N
Broad Loose-flowered Sedge,Carex laxiflora,N
Spreading Sedge,Carex laxiculmis,N
Spreading Sedge,Carex copulata,N
Lake-shore Sedge,Carex lacustris,N
Smooth-sheathed Sedge,Carex laevivaginata,N
Slender Sedge,Carex lasiocarpa,N
Japanese Beach Sedge,Carex kobomugi,N
Kral's Sedge,Carex kraliana,N
Juniper Sedge,Carex juniperorum,N
James's Sedge,Carex jamesii,N
"Joor's Sedge, Hummock Sedge, Cypress-swamp Sedge",Carex joorii,N
Bladder Sedge,Carex intumescens,N
Porcupine Sedge,Carex hystericina,N
Inland Sedge,Carex interior,N
Marsh Straw Sedge,Carex hormathodes,N
Shoreline Sedge,Carex hyalinolepis,N
Hitchcock's Sedge,Carex hitchcockiana,N
Pubescent Sedge,Carex hirtifolia,N
"Fuzzy Sedge, Hairy-leaved Sedge",Carex hirsutella,N
Inflated Narrow-leaved Sedge,Carex grisea,N
Nodding sedge,Carex gynandra,N
Heavy Sedge,Carex gravida,N
Gray's Sedge,Carex grayi,N
Graceful Sedge,Carex gracillima,N
Limestone Meadow Sedge,Carex granularis,N
Blue Sedge,Carex glaucodea,N
Slender Loose-flowered Sedge,Carex gracilescens,N
Giant Sedge,Carex gigantea,N
Southern Waxy Sedge,Carex glaucescens,N
Frank's Sedge,Carex frankii,N
Northern Long Sedge,Carex folliculata,N
"Meadow Sedge, Thin-fruited Sedge",Carex flaccosperma,N
"Yellow Sedge, Green Sedge",Carex flava,N
Fescue Sedge,Carex festucacea,N
Long-bracted Sedge,Carex extensa,N
"Ebony Sedge, Bristle-leaf Sedge",Carex eburnea,N
"Star Sedge, Little Prickly Sedge",Carex echinata,N
Emory's sedge,Carex emoryi,N
Southern Slender Woodland Sedge,Carex digitalis,N
Long-spiked Slender Woodland Sedge,Carex digitalis,N
"Separated Sedge, Divided Sedge",Carex divisa,N
"Cypress-knee Sedge, Epiphytic Sedge",Carex decomposita,N
Slender Woodland Sedge,Carex digitalis,N
Flexuous White-edge Sedge,Carex flexuosa,N
Cumberland Sedge,Carex cumberlandensis,N
"Crowfoot Sedge, Ravenfoot Sedge",Carex crus-corvi,N
Crested Sedge,Carex cristatella,N
Long-fringed Sedge,Carex crinita,N
Short-fringed Sedge,Carex crinita,N
Coastal Plain Sedge,Carex crebriflora,N
Crawe's Sedge,Carex crawei,N
Field Sedge,Carex conoidea,N
Prune-fruited Sedge,Carex corrugata,N
Soft Fox Sedge,Carex conjuncta,N
Hirsute Sedge,Carex complanata,N
"Bottlebrush Sedge, Bristly Sedge",Carex comosa,N
Fibrous-rooted Sedge,Carex communis,N
Cherokee Sedge,Carex cherokeensis,N
Collins's Sedge,Carex collinsii,N
Oval-leaved Sedge,Carex cephalophora,N
Carolina Sedge,Carex caroliniana,N
Carey's Sedge,Carex careyana,N
Greene's Sedge,Carex bullata,N
Bush's Sedge,Carex bushii,N
"Brown Bog Sedge, Buxbaum's Sedge",Carex buxbaumii,N
Silvery Sedge,Carex canescens,N
Brownish Sedge,Carex brunnescens,N
Common Brome Sedge,Carex bromoides,N
Blue Ridge Brome Sedge,Carex bromoides,N
"Shortbeak Sedge, Fescue Sedge",Carex baileyi,N
Barratt's Sedge,Carex barrattii,N
Eastern Woodland Sedge,Carex blanda,N
Shortbeak Sedge,Carex brevior,N
Southern Frank's Sedge,Carex aureolensis,N
Howe's Sedge,Carex howei,N
"Prickly Bog Sedge, Atlantic Sedge",Carex atlantica,N
Sand Sedge,Carex arenaria,N
"Silvery-flowered Sedge, Hay Sedge",Carex argyrantha,N
Awned Sedge,Carex atherodes,N
"Black Sedge, Drooping Woodland Sedge",Carex arctata,N
Aquatic Sedge,Carex aquatilis,N
Appalachian Sedge,Carex appalachica,N
Yellow-fuited Sedge,Carex annectens,N
Eastern Narrow-leaved Sedge,Carex amphibola,N
"Eelgrass, Sea-wrack",Zostera marina,N
Richard's Yellow-eyed Grass,Xyris jupicai,N
Tall Yellow-eyed Grass,Xyris platylepis,N
Twisted Yellow-eyed Grass,Xyris torta,N
Horned Pondweed,Zannichellia palustris,N
Iris-leaf Yellow-eyed Grass,Xyris iridifolia,N
Fringed Yellow-eyed Grass,Xyris fimbriata,N
Bog Yellow-eyed Grass,Xyris difformis,N
Curtiss' Yellow-eyed Grass,Xyris curtisii,N
Southern Cattail,Typha domingensis,N
"Common Cattail, Broadleaf Cattail",Typha latifolia,N
Coastal Plain Yellow-eyed Grass,Xyris ambigua,N
"Carolina Yellow-eyed Grass, Pineland Yellow-eyed Grass",Xyris caroliniana,N
Giant Bur-reed,Sparganium eurycarpum,N
Narrowleaf Cattail,Typha angustifolia,N
Narrow-leaf Bur-reed,Sparganium acaule,N
"Three Birds Orchid, Nodding Pogonia",Triphora trianthophora,N
Cranefly Orchid,Tipularia discolor,N
"Twisted Ladies'-tresses, Spring Ladies'-tresses",Spiranthes vernalis,N
Little Ladies'-tresses,Spiranthes tuberosa,N
"Grass-leaved Ladies'-tresses, Giant Ladies'-tresses",Spiranthes praecox,N
"Oval Ladies'-tresses, October Ladies'-tresses",Spiranthes ovalis,N
"Fragrant Ladies'-tresses, Marsh Ladies'-tresses",Spiranthes odorata,N
Shining Ladies'-tresses,Spiranthes lucida,N
Great Plains Ladies'-tresses,Spiranthes magnicamporum,I
Yellow Nodding Ladies'-tresses,Spiranthes ochroleuca,I
Southern Slender Ladies'-tresses,Spiranthes lacera,I
Northern Slender Ladies'-tresses,Spiranthes lacera,I
Eaton's Ladies'-tresses,Spiranthes eatonii,I
Small Purple Fringed Orchid,Platanthera psycodes,I
Rose Pogonia,Pogonia ophioglossoides,I
Shadow Witch Orchid,Ponthieva racemosa,I
Nodding Ladies'-tresses,Spiranthes cernua,I
"Purple Fringeless Orchid, Purple Spire Orchid",Platanthera peramoena,I
"Large Death-camas, Snakeroot",Zigadenus glaberrimus,I
Pinebarrens Death-camas,Stenanthium leimanthoides,I
Dense-flowered Camas,Stenanthium densum,N
"White Death-camas, White Camas",Anticlea glauca,N
Common Atamasco-lily,Zephyranthes atamasco,N
"Sessile Bellwort, Wild-oats",Uvularia sessilifolia,N
"American False-hellebore, White Hellebore, Green Hellebore, Indian Poke",Veratrum viride,N
"Turkeybeard, Beargrass",Xerophyllum asphodeloides,N
"Southern Red Trillium, Barksdale Trillium",Trillium sulcatum,N
"Painted Trillium, Striped Wake-robin",Trillidium undulatum,N
Large-flowered Bellwort,Uvularia grandiflora,N
Perfoliate Bellwort,Uvularia perfoliata,N
"Mountain Bellwort, Common Bellwort",Uvularia puberula,N
"Sessile Trillium, Toad Trillium, Toadshade",Trillium sessile,N
"Snow Trillium, Dwarf White Trillium",Trillium nivale,N
"Virginia Least Trillium, Virginia Dwarf Trillium",Trillium pusillum,N
"Large-flowered Trillium, Great White Trillium",Trillium grandiflorum,N
"Yellow Trillium, Yellow Toadshade, Lemon-scented Trillium",Trillium luteum,N
"Drooping Trillium, Nodding Wake-robin",Trillium flexipes,N
"Red Trillium, Wake-robin, Stinking Benjamin",Trillium erectum,N
Nodding Trillium,Trillium cernuum,N
"Coastal False Asphodel, Coastal Bog Asphodel",Triantha racemosa,N
"Sticky False Asphodel, Sticky Bog Asphodel",Triantha glutinosa,N
"Eastern Rose Mandarin, Eastern Twisted-stalk",Streptopus lanceolatus,N
"White Mandarin, Pagoda-bells",Streptopus amplexifolius,N
Common Featherbells,Stenanthium gramineum,N
"Spotted Mandarin, Nodding Mandarin",Prosartes maculata,N
"Yellow Mandarin, Yellow Fairybells",Prosartes lanuginosa,N
"Hairy Solomon's-seal, Downy Solomon's-seal",Polygonatum pubescens,N
"Large Solomon's-seal, King Solomon's-seal",Polygonatum biflorum,N
Common Star-of-Bethlehem,Ornithogalum umbellatum,N
Solomon's-seal,Polygonatum biflorum,N
Drooping Star-of-Bethlehem,Ornithogalum nutans,N
"Crow-poison, False Garlic",Nothoscordum bivalve,N
Fragrant False Garlic,Nothoscordum gracile,N
"Poet's Narcissus, Pheasant's-eye Daffodil",Narcissus poeticus,N
Common Daffodil,Narcissus pseudonarcissus,N
Bunch-flowered Daffodil,Narcissus tazetta,N
Grape-hyacinth,Muscari neglectum,N
"Bog Bunchflower, Virginia Bunchflower",Melanthium virginicum,N
Common Grape-hyacinth,Muscari botryoides,N
Tassel Grape-hyacinth,Muscari comosum,N
"Mountain Bunchflower, Small-flowered False-hellebore",Melanthium parviflorum,N
"Crisped Bunchflower, Broadleaf Bunchflower",Melanthium hybridum,N
Spreading Woodrush,Luzula echinata,N
Hairy Woodrush,Luzula acuminata,N
Long's Rush,Juncus longii,N
Sharp-fruited Rush,Juncus acuminatus,N
Large Grass-leaved Rush,Juncus biflorus,N
Torrey's Rush,Juncus torreyi,N
"Southern Arrowgrass, Three-ribbed Arrowgrass",Triglochin striata,N
"Path Rush, Slender Rush, Poverty Rush",Juncus tenuis,N
Black Needle Rush,Juncus roemerianus,N
"Needle-pod Rush, Lobe-headed Rush",Juncus scirpoides,N
"Secund Rush, Lopsided Rush",Juncus secundus,N
Short-tailed Rush,Juncus subcaudatus,N
Creeping Rush,Juncus repens,N
Big-headed Rush,Juncus megacephalus,N
Knotted Rush,Juncus nodosus,N
Brown-fruited Rush,Juncus pelocarpus,N
"Saltmarsh Rush, Blackfoot Rush, Blackgrass",Juncus gerardii,N
European Meadow Rush,Juncus inflexus,N
"Greater Duckweed, Duckmeal",Spirodela polyrrhiza,N
Grass-leaved Rush,Juncus marginatus,N
"Bog Rush, Elliott's Rush",Juncus elliottii,N
Devil's-bit,Chamaelirium luteum,N
"Bluebead Lily, Yellow Clintonia",Clintonia borealis,N
"Speckled Wood Lily, White Clintonia",Clintonia umbellulata,N
European Lily-of-the-valley,Convallaria majalis,N
American Lily-of-the-valley,Convallaria pseudomajalis,N
White Trout Lily,Erythronium albidum,N
"Yellow Trout Lily, American Trout Lily",Erythronium americanum,N
Weak Rush,Juncus debilis,N
"Curtiss' Yellow Stargrass, Swamp Stargrass",Hypoxis curtisii,N
Eastern Yellow Stargrass,Hypoxis hirsuta,N
"Spring Star, Spring Starflower",Tristagma uniflorum,N
New Jersey Rush,Juncus caesariensis,N
Narrow-panicled Rush,Juncus tweedyi,N
Canadian Rush,Juncus canadensis,N
Small-headed Rush,Juncus brachycephalus,N
Short-fruited Rush,Juncus brachycarpus,N
Baltic Rush,Juncus balticus,N
Indian Cucumber-root,Medeola virginiana,N
Sandhills Bog Lily,Lilium pyrophilum,N
Jointed Rush,Juncus articulatus,N
Common Snowdrop,Galanthus nivalis,N
Star Duckweed,Lemna trisulca,N
Lesser Greater Duckweed,Landoltia punctata,N
"Bristle-seed Yellow Stargrass, Wright's Stargrass",Hypoxis wrightii,N
Blue Plantain-lily,Hosta ventricosa,N
Dimpled Trout Lily,Erythronium umbilicatum,N
Minute Duckweed,Lemna perpusilla,N
Turk's-cap Lily,Lilium superbum,N
Common Woodrush,Luzula multiflora,N
Bulbous Woodrush,Luzula bulbosa,N
"Large Path Rush, Greater Poverty Rush",Juncus anthelatus,N
Round-headed Rush,Juncus validus,N
Highland Rush,Oreojuncus trifidus,N
English Bluebell,Hyacinthoides nonscripta,N
Swamp-pink,Helonias bullata,N
"Orange Day-lily, Tiger-lily",Hemerocallis fulva,I
"Ramps, Wild Leek, Rampscallions",Allium tricoccum,I
"Field Garlic, Onion Grass, Wild Onion",Allium vineale,I
Fly-poison,Amianthium muscitoxicum,I
Asparagus,Asparagus officinalis,I
"Wild Hyacinth, Quamash Lily, Eastern Camas Lily",Camassia scilloides,I
"Diffuse Rush, Slim-pod Rush",Juncus diffusissimus,I
Dudley's Rush,Juncus dudleyi,I
Forked Rush,Juncus dichotomus,I
Leathery Rush,Juncus coriaceus,I
"Drooping Sedge, Hanging Sedge",Carex pendula,I
Pennsylvania Sedge,Carex pensylvanica,I
Lazy Sedge,Carex pigra,I
Flat-spiked Sedge,Carex planispicata,I
Plantain-leaved Sedge,Carex plantaginea,I
Broad-leaved Sedge,Carex platyphylla,I
Variable Sedge,Carex polymorpha,I
Clustered Field Sedge,Carex praegracilis,I
Prairie Sedge,Carex prairea,I
Drooping Sedge,Carex prasina,I
Necklace Sedge,Carex projecta,I
Limestone Purple Sedge,Carex purpurifera,I
Eastern Star Sedge,Carex radiata,I
Kidney Sedge,Carex reniformis,I
Texas Sedge,Carex texensis,I
Roan Mountain Sedge,Carex roanensis,I
Rosy Sedge,Carex rosea,N
Ruth's Sedge,Carex ruthii,N
Eastern Rough Sedge,Carex scabrata,N
Schweinitz's Sedge,Carex schweinitzii,N
Broom Sedge,Carex scoparia,N
Weak Stellate Sedge,Carex seorsa,N
Short's Sedge,Carex shortiana,N
Sea-beach Sedge,Carex silicea,N
Bur-reed Sedge,Carex sparganioides,N
Prickly Sedge,Carex spicata,N
Squarrose Sedge,Carex squarrosa,N
Sterile Sedge,Carex sterilis,N
Large Stalk-grain Sedge,Carex stipata,N
"Stalk-grain Sedge, Awl-fruit Sedge",Carex stipata,N
Straw Sedge,Carex straminea,N
Walter's Sedge,Carex striata,N
Lined Sedge,Carex striatula,N
"Tussock Sedge, Upright Sedge, Stool Sedge",Carex stricta,N
Bent Sedge,Carex styloflexa,N
Prairie Straw Sedge,Carex suberecta,N
Limestone Forest Sedge,Carex superata,N
Swan's Sedge,Carex swanii,N
Rigid Sedge,Carex tetanica,N
Parachute Sedge,Carex rugosperma,N
Shaved Sedge,Carex tonsa,N
Twisted Sedge,Carex torta,N
Midwestern Blunt Broom Sedge,Carex tribuloides,N
Blunt Broom Sedge,Carex tribuloides,N
Hairy-fruited Sedge,Carex trichocarpa,N
Three-seeded Sedge,Carex trisperma,N
Cattail Sedge,Carex typhina,N
Parasol Sedge,Carex umbellata,N
Beaked Sedge,Carex utriculata,N
Inflated Sedge,Carex vesicaria,N
Velvet Sedge,Carex vestita,N
Ribbed Sedge,Carex virescens,N
Fox Sedge,Carex vulpinoidea,N
Willdenow's Sedge,Carex willdenowii,N
Wood's Sedge,Carex woodii,N
Sawgrass,Cladium jamaicense,N
Twig-rush,Cladium mariscoides,N
"Fraser's Sedge, Lily-leaf Sedge",Cymophyllus fraserianus,N
"Taper-tip Flatsedge, Pale Umbrella-sedge",Cyperus acuminatus,N
"Slender Flatsedge, Shining Flatsedge",Cyperus bipartitus,N
Poorland Flatsedge,Cyperus compressus,N
Baldwin's Flatsedge,Cyperus croceus,N
Toothed Flatsedge,Cyperus dentatus,N
Umbrella Flatsedge,Cyperus diandrus,N
Variable Flatsedge,Cyperus difformis,N
Globe Flatsedge,Cyperus echinatus,N
Red-root Flatsedge,Cyperus erythrorhizos,N
"Yellow Nutsedge, Yellow Nutgrass, Wild Chufa, Earth-almond",Cyperus esculentus,N
Fern Flatsedge,Cyperus filicinus,N
Yellow Flatsedge,Cyperus flavescens,N
White-edge Flatsedge,Cyperus flavicomus,N
Brown Galingale,Cyperus fuscus,N
Granite Flatsedge,Cyperus granitophilus,N
Gray's Flatsedge,Cyperus grayi,N
Sheathed Flatsedge,Cyperus haspan,N
Houghton's Flatsedge,Cyperus houghtonii,N
Bristly Flatsedge,Cyperus hystricinus,N
Rice-field Flatsedge,Cyperus iria,N
Many-flowered Flatsedge,Cyperus lancastriensis,N
Upland Flatsedge,Cyperus lupulinus,N
Small-scale Upland Flatsedge,Cyperus lupulinus,N
Slender Sand Sedge,Cyperus odoratus,N
"Fragrant Flatsedge, Rusty Flatsedge",Cyperus odoratus,N
Plukenet's Flatsedge,Cyperus plukenetii,N
"Coast Flatsedge, Many-spike Flatsedge",Cyperus polystachyos,N
"Green Flatsedge, Marsh Flatsedge",Cyperus pseudovegetus,N
Reflexed Flatsedge,Cyperus refractus,N
Rough Flatsedge,Cyperus retrofractus,N
Pineland Flatsedge,Cyperus retrorsus,N
"Purple Nutsedge, Nutgrass, Cocograss",Cyperus rotundus,N
Awned Flatsedge,Cyperus squarrosus,N
Straw-colored Flatsedge,Cyperus strigosus,N
Green Flatsedge,Cyperus virens,N
Three-way Sedge,Dulichium arundinaceum,N
Needle Spikerush,Eleocharis acicularis,N
White Spikerush,Eleocharis albida,N
Purple Spikerush,Eleocharis atropurpurea,N
Baldwin's Spikerush,Eleocharis baldwinii,N
Flattened Spikerush,Eleocharis compressa,N
Engelmann Spikerush,Eleocharis engelmannii,N
Horsetail Spikerush,Eleocharis equisetoides,N
Bald Spikerush,Eleocharis erythropoda,N
Creeping Spikerush,Eleocharis fallax,N
"Yellow Spikerush, Pale Spikerush",Eleocharis flavescens,N
Bright Green Spikerush,Eleocharis olivacea,N
Matted Spikerush,Eleocharis intermedia,N
Black-fruited Spikerush,Eleocharis melanocarpa,N
Small-fruited Spikerush,Eleocharis microcarpa,N
Blunt Spikerush,Eleocharis obtusa,N
"Dwarf Spikerush, Small Spikerush",Eleocharis parvula,N
Square-stem Spikerush,Eleocharis quadrangulata,N
Rooted Spikerush,Eleocharis radicans,N
Robbins' Spikerush,Eleocharis robbinsii,N
Beaked Spikerush,Eleocharis rostellata,N
Common Spikerush,Eleocharis palustris,N
Slender Spikerush,Eleocharis tenuis,N
Slender Spikerush,Eleocharis verrucosa,N
Twisted Spikerush,Eleocharis tortilis,N
Three-angled Spikerush,Eleocharis tricostata,N
"Long-tubercled Spikerush, Cone-cup Spikerush",Eleocharis tuberculosa,N
One-scale Spikerush,Eleocharis uniglumis,N
Viviparous Spikerush,Eleocharis vivipara,N
Tawny Cottongrass,Eriophorum virginicum,N
Annual Fimbry,Fimbristylis annua,N
Slender Fimbry,Fimbristylis autumnalis,N
Carolina Fimbry,Fimbristylis caroliniana,N
Marsh Fimbry,Fimbristylis castanea,N
Harper's Fimbry,Fimbristylis perpusilla,N
Hairy Fimbry,Fimbristylis puberula,N
Short-bristled Umbrella-sedge,Fuirena breviseta,N
Blue Umbrella-sedge,Fuirena coerulescens,N
Dwarf Umbrella-sedge,Fuirena pumila,N
Hairy Umbrella-sedge,Fuirena squarrosa,N
Keeled Bulrush,Isolepis carinata,N
Bottlebrush Bulrush,Isolepis hystrix,N
"Pasture Spikesedge, Asiatic Greenhead Sedge",Cyperus brevifolioides,N
Low Spikesedge,Cyperus hortensis,N
American Halfchaff Sedge,Cyperus neotropicalis,N
"Small-flower Halfchaff Sedge, Dwarf Bulrush",Cyperus subsquarrosus,N
Coastal Bog Beaksedge,Rhynchospora stenophylla,N
Round-headed Beaksedge,Rhynchospora recognita,N
Few-flowered Beaksedge,Rhynchospora rariflora,N
Feather-bristled Beaksedge,Rhynchospora oligantha,N
Pale Beaksedge,Rhynchospora pallida,N
Pineland Beaksedge,Rhynchospora perplexa,N
Short-beaked Beaksedge,Rhynchospora nitens,N
Millet Beaksedge,Rhynchospora miliacea,N
Horned Beaksedge,Rhynchospora macrostachya,N
Small-headed Bunched Beaksedge,Rhynchospora microcephala,N
Nodding Beaksedge,Rhynchospora inexpansa,N
Harvey's Beaksedge,Rhynchospora harveyi,N
Gray's Beaksedge,Rhynchospora grayi,N
Slender Beaksedge,Rhynchospora gracilenta,N
Clustered Beaksedge,Rhynchospora glomerata,N
Fasciculate Beaksedge,Rhynchospora fascicularis,N
Savanna Beaksedge,Rhynchospora debilis,N
Loose-headed Beaksedge,Rhynchospora chalarocephala,N
Narrow-leaf Whitetop Sedge,Rhynchospora colorata,N
Short-bristled Horned Beaksedge,Rhynchospora corniculata,N
Northern White Beaksedge,Rhynchospora alba,N
Angle-stem Beaksedge,Rhynchospora caduca,N
Needle Beaksedge,Rhynchospora capillacea,N
"Hard-stem Bulrush, Great Bulrush",Schoenoplectus acutus,N
Olney Threesquare,Schoenoplectus americanus,N
"Swamp Bulrush, Canby's Bulrush",Schoenoplectus etuberculatus,N
"Common Threesquare, Chairmaker's Rush",Schoenoplectus pungens,N
"Blunt-scale Bulrush, Weak-stalk Bulrush",Schoenoplectiella purshiana,N
"Smith's Bulrush, Blunt-scale Bulrush",Schoenoplectiella smithii,N
Water Bulrush,Schoenoplectus subterminalis,N
Soft-stem Bulrush,Schoenoplectus tabernaemontani,I
"Torrey's Bulrush, Torrey's Threesquare",Schoenoplectus torreyi,N
Northeastern Bulrush,Scirpus ancistrochaetus,N
Dark Green Bulrush,Scirpus atrovirens,N
Woolgrass,Scirpus cyperinus,N
Spreading Bulrush,Scirpus divaricatus,N
Woodland Bulrush,Scirpus expansus,N
Reclining Bulrush,Scirpus flaccidifolius,N
Georgia Bulrush,Scirpus georgianus,N
Northern Bulrush,Scirpus hattorianus,N
Drooping Bulrush,Scirpus lineatus,N
Reddish Bulrush,Scirpus pendulus,N
Leafy Bulrush,Scirpus polyphyllus,N
Broad-leaved Hairy Nutrush,Scleria ciliata,N
Slender Nutrush,Scleria minor,N
Pitted Nutrush,Scleria muehlenbergii,N
"Little-headed Nutrush, Few-Flowered Nutrush",Scleria oligantha,N
Carolina Nutrush,Scleria pauciflora,N
Papillose Nutrush,Scleria pauciflora,N
Tall Nutrush,Scleria triglomerata,N
Whorled Nutrush,Scleria verticillata,N
Bashful Bulrush,Trichophorum planifolium,N
Muehlenberg's Sedge,Carex muehlenbergii,N
Reflexed Sedge,Carex retroflexa,N
White-edged Sedge,Carex debilis,N
Poverty Brome,Bromus sterilis,N
"Bluejoint, Canada Reedgrass",Calamagrostis canadensis,N
Nuttall's Reedgrass,Greeneochloa coarctata,N
Porter's Reedgrass,Calamagrostis porteri,N
"Pine Barren Sandreed, Pine Barren Reedgrass",Calamovilfa brevipilis,N
"Northern Sandbur, Common Sandbur",Cenchrus longispinus,N
Coastal Sandbur,Cenchrus spinifex,N
Dune Sandbur,Cenchrus tribuloides,N
River Oats,Chasmanthium latifolium,N
Slender Spikegrass,Chasmanthium laxum,N
Long-leaf Spikegrass,Chasmanthium sessiliflorum,N
Windmill Grass,Chloris verticillata,N
"Common Wood Reedgrass, Sweet Wood Reed-grass",Cinna arundinacea,N
"Slender Wood Reedgrass, Drooping Wood Reedgrass",Cinna latifolia,N
Wrinkled Jointgrass,Mnesithea rugosa,N
"Toothache Grass, Orange Grass",Ctenium aromaticum,N
Bermuda Grass,Cynodon dactylon,N
"Rough Dogtail Grass, Bristly Dogtail Grass",Cynosurus echinatus,N
Orchard Grass,Dactylis glomerata,N
Crowfoot Grass,Dactyloctenium aegyptium,N
Glomerate Sedge,Carex aggregata,N
Mountain Oatgrass,Danthonia compressa,N
Silky Oatgrass,Danthonia sericea,N
Poverty Oatgrass,Danthonia spicata,N
Tufted Hairgrass,Deschampsia cespitosa,N
Wavy Hairgrass,Avenella flexuosa,N
"American Beakgrain, Eastern Beakgrain",Diarrhena americana,N
Western Beakgrain,Diarrhena obovata,N
White-edged Panic Grass,Dichanthelium tenue,N
Needle-leaf Panic Grass,Dichanthelium aciculare,N
Woolly Panic Grass,Dichanthelium acuminatum,N
Slender-stemmed Panic Grass,Dichanthelium acuminatum,N
Lindheimer's Panic Grass,Dichanthelium acuminatum,N
Narrow-leaved Panic Grass,Dichanthelium angustifolium,N
Ringed Panic Grass,Dichanthelium annulum,N
Bosc's Panic Grass,Dichanthelium boscii,N
Blue Panic Grass,Dichanthelium caerulescens,N
Deer-Tongue Grass,Dichanthelium clandestinum,N
American Witch Grass,Dichanthelium columbianum,N
"Variable Panic Grass, Ashe's Panic Grass",Dichanthelium commutatum,N
Blood Panic Grass,Dichanthelium consanguineum,N
Starved Panic Grass,Dichanthelium depauperatum,N
Small-fruited Panic Grass,Dichanthelium dichotomum,N
Shining Panic Grass,Dichanthelium dichotomum,N
Roanoke Panic Grass,Dichanthelium roanokense,N
Small-leaved Panic Grass,Dichanthelium ensifolium,N
Broad-leaf Panic Grass,Dichanthelium latifolium,N
Open-flower Panic Grass,Dichanthelium laxiflorum,N
Rough Panic Grass,Dichanthelium leucothrix,N
"Slim-leaf Panic Grass, Linear-leaf Panic Grass",Dichanthelium linearifolium,N
Coastal Plain Panic Grass,Dichanthelium longiligulatum,N
Bog Panic Grass,Dichanthelium lucidum,N
Mattamuskeet Panic Grass,Dichanthelium mattamuskeetense,N
Branched Panic Grass,Dichanthelium microcarpon,N
Few-flowered Panic Grass,Dichanthelium oligosanthes,N
Scribner's Panic Grass,Dichanthelium scribnerianum,N
Addison's Panic Grass,Dichanthelium ovale,N
Oval-flowered Panic Grass,Dichanthelium ovale,N
Round-seed Panic Grass,Dichanthelium polyanthes,N
Ravenel's Panic Grass,Dichanthelium ravenelii,N
Hemlock Panic Grass,Dichanthelium portoricense,N
Tall Swamp Panic Grass,Dichanthelium scabriusculum,N
Velvet Panic Grass,Dichanthelium scoparium,N
Round-fruited Panic Grass,Dichanthelium sphaerocarpon,N
Eaton's Panic Grass,Dichanthelium spretum,N
Rough-hair Panic Grass,Dichanthelium strigosum,N
White-haired Panic Grass,Dichanthelium villosissimum,N
Wright's Panic Grass,Dichanthelium wrightianum,N
Spotted-sheath Panic Grass,Dichanthelium yadkinense,N
Southern Crabgrass,Digitaria ciliaris,N
Fall Witch Grass,Leptoloma cognatum,N
Slender Crabgrass,Digitaria filiformis,N
Smooth Crabgrass,Digitaria ischaemum,N
Northern Crabgrass,Digitaria sanguinalis,N
Dwarf Crabgrass,Digitaria serotina,N
Texas Crabgrass,Digitaria texana,N
Shaggy Crabgrass,Digitaria villosa,N
Saltgrass,Distichlis spicata,N
Jungle-rice,Echinochloa colonum,N
Barnyard Grass,Echinochloa crus-galli,N
"Japanese Millet, Siberian Millet, Billion-dollar Grass",Echinochloa frumentacea,N
Rough Barnyard Grass,Echinochloa muricata,N
Rough Barnyard Grass,Echinochloa muricata,N
"Swamp Barnyard Grass, Coast Cockspur Grass",Echinochloa walteri,N
"Indian Goosegrass, Yard Grass",Eleusine indica,N
Nodding Wild Rye,Elymus canadensis,N
Bottlebrush Grass,Elymus hystrix,N
"Early Wild Rye, MacGregor's Wild Rye",Elymus macgregorii,N
"Quackgrass, Dog Grass",Elymus repens,N
Riverbank Wild Rye,Elymus riparius,N
Slender Wheatgrass,Elymus trachycaulus,N
"Hairy Wild Rye, Downy Wild Rye",Elymus villosus,N
Virginia Wild Rye,Elymus virginicus,N
Lacegrass,Eragrostis capillaris,N
Stinkgrass,Eragrostis cilianensis,N
Weeping Lovegrass,Eragrostis curvula,N
"Sandbar Lovegrass, Frank's Lovegrass",Eragrostis frankii,N
Big-top Lovegrass,Eragrostis hirsuta,N
Creeping Lovegrass,Eragrostis hypnoides,N
Plains Lovegrass,Eragrostis intermedia,N
Little Lovegrass,Eragrostis minor,N
"Tufted Lovegrass, Carolina Lovegrass, Western Lovegrass",Eragrostis pectinacea,N
India Lovegrass,Eragrostis pilosa,N
Coastal Lovegrass,Eragrostis refracta,N
Red Lovegrass,Eragrostis secundiflora,N
"Purple Lovegrass, Tumblegrass",Eragrostis spectabilis,N
Sand Lovegrass,Eragrostis trichodes,N
Centipede Grass,Eremochloa ophiuroides,N
Prairie Cupgrass,Eriochloa contracta,N
Chinese Cupgrass,Eriochloa villosa,N
"Tall Fescue, Alta Fescue",Lolium arundinaceum,N
"Hair Fescue, Fineleaf Sheep Fescue",Festuca filiformis,N
Cluster Fescue,Festuca paradoxa,N
Meadow Fescue,Lolium pratense,N
Red Fescue,Festuca rubra,N
Nodding Fescue,Festuca subverticillata,N
Hard Fescue,Festuca trachyphylla,N
"Sharp-scaled Mannagrass, Creeping Mannagrass",Glyceria acutiflora,N
"Canada Mannagrass, Rattlesnake Mannagrass",Glyceria canadensis,N
American Mannagrass,Glyceria grandis,N
"Slender Mannagrass, Melic Mannagrass",Glyceria melicaria,N
Coastal Mannagrass,Glyceria obtusa,N
"Eastern Mannagrass, Floating Mannagrass",Glyceria septentrionalis,N
Fowl Mannagrass,Glyceria striata,N
Eastern Beard Grass,Gymnopogon ambiguus,N
Short-leaf Beard Grass,Gymnopogon brevifolius,N
"Holy Grass, Sweet Grass, Vanilla Grass",Hierochloe hirta,N
Common Velvet Grass,Holcus lanatus,N
Foxtail Barley,Hordeum jubatum,N
"Wall Barley, False Barley",Hordeum murinum,N
Little Barley,Hordeum pusillum,N
Barley,Hordeum vulgare,N
"Cogongrass, Brazilian Satintail",Imperata cylindrica,N
"Southern Cutgrass, Clubhead Cutgrass",Leersia hexandra,I
Catchfly Cutgrass,Leersia lenticularis,I
Rice Cutgrass,Leersia oryzoides,I
"White Grass, White Cutgrass, Virginia Cutgrass",Leersia virginica,I
"Bearded Sprangletop, Long-awned Sprangletop, Salt-meadow Grass",Diplachne fusca,I
Mexican Sprangletop,Diplachne fusca,N
Red Sprangletop,Dinebra panicea,N
Amazon Sprangletop,Dinebra panicoides,N
"Italian Rye Grass, Annual Rye Grass",Lolium perenne,N
"English Rye Grass, Perennial Rye Grass",Lolium perenne,N
Darnel,Lolium temulentum,N
Two-flower Melic,Melica mutica,N
Three-flower Melic,Melica nitens,N
"Japanese Stiltgrass, Nepalese Brown-top, Japanese Grass",Microstegium vimineum,N
"Tall Millet Grass, American Millet Grass, American Wood Millet",Milium effusum,N
"Chinese Silvergrass, Eulalia, Maiden Grass",Miscanthus sinensis,N
Bush's Muhly,Muhlenbergia bushii,N
"Hair-awn Muhly, Long-awn Hairgrass",Muhlenbergia capillaris,N
Plains Muhly,Muhlenbergia cuspidata,N
"Cut-over Muhly, Savanna Hairgrass",Muhlenbergia expansa,N
Smooth Wirestem Muhly,Muhlenbergia frondosa,N
"Inland Muhly, Smooth Muhly",Muhlenbergia glabrifloris,N
"Marsh Muhly, Spiked Muhly",Muhlenbergia glomerata,N
Hairy Wirestem Muhly,Muhlenbergia mexicana,N
Nimblewill,Muhlenbergia schreberi,N
"Rock Muhly, Cliff Muhly",Muhlenbergia sobolifera,N
Woodland Muhly,Muhlenbergia sylvatica,N
Slender Muhly,Muhlenbergia tenuiflora,N
"Rough-leaved Ricegrass, White-grained Mountain Ricegrass",Oryzopsis asperifolia,N
Dense Panic Grass,Coleataenia rigidula,N
"Beach Panic Grass, Southern Seabeach Grass",Panicum amarulum,N
Bitter Seabeach Grass,Panicum amarum,N
Witch Grass,Panicum capillare,N
Canadian Serviceberry,Amelanchier canadensis,N
Smooth Serviceberry,Amelanchier laevis,N
Wiry Panic Grass,Panicum flexile,N
Gattinger's Panic Grass,Panicum philadelphicum,N
Maidencane,Panicum hemitomon,N
Combs' Panic Grass,Coleataenia longifolia,N
Long-leaved Panic Grass,Coleataenia longifolia,N
"Broomcorn Millet, Hog Millet",Panicum miliaceum,N
Philadelphia Panic Grass,Panicum philadelphicum,N
Redtop Panic Grass,Coleataenia pulchra,N
Warty Panic Grass,Kellochloa verrucosa,N
Switchgrass,Panicum virgatum,N
Sickle Grass,Parapholis incurva,N
"Pitchfork Paspalum, Pitchfork Crowngrass",Paspalum bifidum,N
Bull Paspalum,Paspalum boscianum,N
Dallis Grass,Paspalum dilatatum,N
"Walter's Paspalum, Mudbank Crowngrass",Paspalum dissectum,N
"Joint Paspalum, Knotgrass",Paspalum distichum,N
Florida Paspalum,Paspalum floridanum,N
Field Paspalum,Paspalum laeve,N
Bahia Grass,Paspalum notatum,N
Early Paspalum,Paspalum praecox,N
"Hairy-seed Paspalum, Hairy-seed Crown-grass",Paspalum pubiflorum,N
"Water Paspalum, Horsetail Paspalum",Paspalum repens,N
"Thin Paspalum, Slender Paspalum",Paspalum setaceum,N
Vasey's Grass,Paspalum urvillei,N
Pearl Millet,Cenchrus americanus,N
"Reed Canary Grass, Ribbon Grass",Phalaris arundinacea,N
"Annual Canary Grass, Common Canary Grass, Birdseed Grass",Phalaris canariensis,N
"Carolina Canary Grass, Maygrass",Phalaris caroliniana,N
"Savanna Panic Grass, Clustered Panic Grass",Phanopyrum gymnocarpon,N
Bristly Sarsaparilla,Aralia hispida,N
Common Reed,Phragmites australis,N
Golden Bamboo,Phyllostachys aurea,N
Black-seed Ricegrass,Patis racemosa,N
Eastern Needlegrass,Piptochaetium avenaceum,N
Grove Bluegrass,Poa alsodes,N
Annual Bluegrass,Poa annua,N
Autumn Bluegrass,Poa autumnalis,N
Bulbous Bluegrass,Poa bulbosa,N
Chapman's Bluegrass,Poa chapmaniana,N
Flat-stemmed Bluegrass,Poa compressa,N
"Early Bluegrass, Short-leaved Bluegrass",Poa cuspidata,N
Wood Bluegrass,Poa nemoralis,N
Bog Bluegrass,Poa paludigena,N
Fowl Bluegrass,Poa palustris,N
Kentucky Bluegrass,Poa pratensis,N
Weak Bluegrass,Poa saltuensis,N
Woodland Bluegrass,Poa sylvestris,N
Rough Bluegrass,Poa trivialis,N
Annual Rabbitfoot Grass,Polypogon monspeliensis,N
Arrow Bamboo,Pseudosasa japonica,N
European Alkali Grass,Puccinellia distans,N
"Silver Plumegrass, Woolly Plumegrass",Erianthus alopecuroides,N
"Narrow Plumegrass, Slender Plumegrass",Erianthus strictus,N
"Spiral-awned Plumegrass, Short-beard Plumegrass",Erianthus contortus,N
"Compressed Plumegrass, Brown Plumegrass",Erianthus coarctatus,N
"Giant Plumegrass, Sugarcane Plumegrass",Erianthus giganteus,N
American Cupscale,Sacciolepis striata,N
"Purple Oatgrass, False Melic",Schizachne purpurascens,N
Seaside Little Bluestem,Schizachyrium littorale,N
Little Bluestem,Schizachyrium scoparium,N
"Hard Grass, Fairground Grass",Sclerochloa dura,N
Rye,Secale cereale,N
"Nodding Bristlegrass, Japanese Bristlegrass",Setaria faberi,N
"Foxtail-millet, Italian Bristlegrass",Setaria italica,N
"Giant Bristlegrass, Giant Foxtail",Setaria magna,N
"Knotroot Bristlegrass, Knotroot Foxtail",Setaria parviflora,N
"Yellow Bristlegrass, Yellow Foxtail",Setaria pumila,N
Hooked Bristlegrass,Setaria verticillata,N
"Green Bristlegrass, Green Foxtail",Setaria viridis,N
Slender Indian Grass,Sorghastrum elliottii,N
"Indian Grass, Yellow Indian Grass",Sorghastrum nutans,N
Johnson Grass,Sorghum halepense,N
"Saltmarsh Cordgrass, Smooth Cordgrass",Spartina alterniflora,N
"Big Cordgrass, Giant Cordgrass",Spartina cynosuroides,N
"Saltmeadow Cordgrass, Saltmeadow Hay",Spartina patens,N
"Freshwater Cordgrass, Prairie Cordgrass",Spartina pectinata,N
Long-leaf Wedgegrass,Sphenopholis filiformis,N
Slender Wedgegrass,Sphenopholis obtusata,N
Shiny Wedgegrass,Sphenopholis nitida,N
Prairie Wedgegrass,Sphenopholis obtusata,N
Swamp Wedgegrass,Sphenopholis pensylvanica,N
Rough Dropseed,Sporobolus clandestinus,N
"Tall Dropseed, Longleaf Dropseed",Sporobolus compositus,N
"Prairie Dropseed, Northern Dropseed",Sporobolus heterolepis,N
Smut Grass,Sporobolus indicus,N
"Purple Dropseed, Pineywoods Dropseed",Sporobolus junceus,N
Small Dropseed,Sporobolus neglectus,N
Ozark Dropseed,Sporobolus ozarkanus,N
Gaping Panic Grass,Steinchisma hians,N
"St. Augustine Grass, Carpet Grass",Stenotaphrum secundatum,N
Christmas Grass,Themeda arguens,I
Pale Mannagrass,Torreyochloa pallida,I
Spiked Burgrass,Tragus berteronianus,I
"Chapman's Purpletop, Chapman's Redtop",Tridens chapmanii,I
"Purpletop, Tall Redtop",Tridens flavus,I
"Long-spike Tridens, Long-spike Fluffgrass",Tridens strictus,I
Purple Sandgrass,Triplasis purpurea,I
Eastern Gamagrass,Tripsacum dactyloides,I
"Narrow False Oats, Alpine Oatgrass, Spike Trisetum",Koeleria spicata,I
Wheat,Triticum aestivum,I
Sea Oats,Uniola paniculata,I
Broadleaf Signal-grass,Urochloa platyphylla,I
"Browntop Millet, Dixie Signal-grass",Urochloa ramosa,I
"Texas Millet, Texas Signal-grass",Urochloa texana,I
Hairy Signal-grass,Urochloa villosa,I
"European Squirrel-tail Fescue, Brome Fescue",Vulpia bromoides,I
Squirrel-tail Fescue,Vulpia elliotea,I
Rattail Fescue,Vulpia myuros,I
"Corn, Maize",Zea mays,I
Wild Rice,Zizania aquatica,I
"Southern Wild Rice, Giant Cutgrass",Zizaniopsis miliacea,I
Nantucket Serviceberry,Amelanchier nantucketensis,I
Common Marsh-mallow,Althaea officinalis,I
Alyce Clover,Alysicarpus vaginalis,I
Downy Serviceberry,Amelanchier arborea,I
Bushy Bluestem,Andropogon glomeratus,I
Fork-tip Three-awn Grass,Aristida dichotoma,I
"Eastern Slim-spike, Long-awned Slim-spike, Three-awn Grass",Aristida longespica,I
"Purple Three-awn Grass, Arrow-feather, Three-awn Grass",Aristida purpurascens,I
Virginia Wild Rye,Elymus virginicus,I
Six-weeks Fescue,Vulpia octoflora,I
Rye Grass,Lolium perenne,I
Tall Flat Panic Grass,Coleataenia rigidula,I
"Sea-beach Grass, Beach Panic Grass",Panicum amarum,I
"Poverty Dropseed, Sheathed Dropseed",Sporobolus vaginiflorus,I
Jointed Goatgrass,Aegilops cylindrica,I
Gordon's Bladderpod,Physaria gordonii,I
Black Knapweed,Centaurea nigra,I
Tall Thistle,Cirsium altissimum,I
Maryland Golden-aster,Chrysopsis mariana,I
Green-and-gold,Chrysogonum virginianum,I
Yellow Star-thistle,Centaurea solstitialis,I
Tyrol Knapweed,Centaurea nigrescens,I
Mohr's Thoroughwort,Eupatorium mohrii,I
"Ginseng, American Ginseng, Sang",Panax quinquefolius,I
"Horseweed, Common Horseweed",Erigeron canadensis,I
Asthma-weed,Erigeron bonariensis,I
"Mistflower, Ageratum",Conoclinium coelestinum,I
"Blessed Thistle, Holy Thistle",Centaurea benedicta,I
Bull Thistle,Cirsium vulgare,I
Virginia Thistle,Cirsium virginianum,I
Nuttall's Thistle,Cirsium nuttallii,I
"Yellow Thistle, Common Yellow Thistle",Cirsium horridulum,I
Field Thistle,Cirsium discolor,I
Spiny Plumeless Thistle,Carduus acanthoides,I
Japanese Spindle Tree,Euonymus japonicus,I
Devil's Beggar-ticks,Bidens frondosa,I
"Tall Swamp Marigold, Crowned Beggar-ticks",Bidens trichosperma,I
Purple-stem Beggar-ticks,Bidens connata,I
Three-lobe Beggar-ticks,Bidens comosa,I
Welted Thistle,Carduus crispus,I
"Tall Beggar-ticks, Big Devil's Beggar-ticks",Bidens vulgata,I
"Smooth Bur-marigold, Showy Bur-marigold",Bidens laevis,I
Small Beggar-ticks,Bidens discoidea,I
Midwestern Tickseed Sunflower,Bidens polylepis,I
"English Ivy, Common Ivy",Hedera helix,I
Spanish Needles,Bidens bipinnata,I
Common Mugwort,Artemisia vulgaris,I
Tartarian Aster,Aster tataricus,I
"Silver Wormword, Western Mugwort, White Sagebrush",Artemisia ludoviciana,I
Devil's Walking-stick,Aralia spinosa,I
Leopard's-bane,Arnica acaulis,I
"Sweet Wormwood, Annual Wormwood, Sweet Annie",Artemisia annua,I
Pale Indian-plantain,Arnoglossum atriplicifolium,I
"Common Burdock, Lesser Burdock",Arctium minus,I
Prostrate Chamomile,Anthemis secundiramea,I
"Mayweed, Stinking Chamomile",Anthemis cotula,I
Parlin's Pussytoes,Antennaria parlinii,I
Big-head Pussytoes,Antennaria parlinii,I
Small Pussytoes,Antennaria howellii,I
Pearly Everlasting,Anaphalis margaritacea,I
Lance-leaf Ragweed,Ambrosia bidentata,I
"Spikenard, American Spikenard",Aralia racemosa,I
Spineless Hornwort,Ceratophyllum echinatum,I
"Common Hornwort, Coontail",Ceratophyllum demersum,I
"Lamb's-quarters, Pigweed",Chenopodium album,I
Common Partridge-pea,Chamaecrista fasciculata,I
Yaupon,Ilex vomitoria,I
Sticky Mouse-ear Chickweed,Cerastium glomeratum,I
Nodding Mouse-ear Chickweed,Cerastium nutans,I
Shortstalk Chickweed,Cerastium brachypodum,I
Field Chickweed,Cerastium arvense,I
Tall Bellflower,Campanulastrum americanum,I
"Harebell, Bluebell Bellflower",Campanula rotundifolia,I
"Creeping Bellflower, Rampion Bellflower",Campanula rapunculoides,I
Peachleaf Bellflower,Campanula persicifolia,I
Appalachian Low Bindweed,Calystegia spithamaea,I
"Marijuana, Hemp",Cannabis sativa,I
Winterberry,Ilex verticillata,I
Large Water-starwort,Callitriche heterophylla,I
"Hairy Smother-weed, Hairy Sea-blite",Spirobassia hirsuta,I
"Large Bindweed, Giant Bindweed",Calystegia silvatica,I
Thick-leaf Orach,Atriplex dioica,I
Pool Coreopsis,Coreopsis falcata,I
Mountain Holly,Ilex montana,I
Vernal Water-starwort,Callitriche palustris,I
American Holly,Ilex opaca,I
Carolina Fanwort,Cabomba caroliniana,I
Water Shield,Brasenia schreberi,I
Spreading Euonymus,Euonymus kiautschovicus,I
Smooth Winterberry,Ilex laevigata,I
Common Corncockle,Agrostemma githago,I
Large Thyme-leaved Sandwort,Arenaria serpyllifolia,I
"Wintergreen, Teaberry",Gaultheria procumbens,I
Hedge Bindweed,Calystegia sepium,I
Inkberry,Ilex glabra,I
Dwarf Ginseng,Nanopanax trifolius,I
Cherry Silverberry,Elaeagnus multiflora,I
"Deciduous Holly, Possum-haw",Ilex decidua,I
"Russian Olive, Oleaster",Elaeagnus angustifolia,I
Carolina Leaf-flower,Phyllanthus caroliniensis,I
"Crescent Spurge, Sickle Spurge",Euphorbia falcata,I
"Maroon Sandhills Spurge, Coastal Sand Spurge",Euphorbia exserta,I
"Wood Spurge, Tinted Woodland Spurge",Euphorbia commutata,I
"Tropic Croton, Tooth-leaved Croton, Sand Croton",Croton glandulosus,I
"Common Persimmon, American Persimmon",Diospyros virginiana,I
Queen's-delight,Stillingia sylvatica,I
Castor Bean,Ricinus communis,I
Japanese Holly,Ilex crenata,I
Woodland Spurge,Euphorbia spathulata,I
"Glade Spurge, Darlington Spurge, Purple Spurge",Euphorbia purpurea,I
"Sun Spurge, Wartweed",Euphorbia helioscopia,I
"Wolf's-milk, Leafy Spurge",Euphorbia virgata,I
Davids Spurge,Euphorbia davidii,I
Cypress Spurge,Euphorbia cyparissias,I
"Prairie Tea, One-seeded Croton",Croton monanthogynus,I
"Spurge-nettle, Tread Softly, Finger Rot, Bull-nettle",Cnidoscolus stimulosus,I
Prostrate Sandmat,Euphorbia prostrata,I
"Southern Seaside Spurge, Dixie Sandmat",Euphorbia bombensis,I
"Virginia Three-seeded Mercury, Virginia Copperleaf",Acalypha virginica,I
"Common Three-seeded Mercury, Common Copperleaf",Acalypha rhomboidea,I
"Hornbeam Copperleaf, Rough-pod Copperleaf",Acalypha ostryifolia,I
"Dusty Zenobia, Honeycup",Zenobia pulverulenta,I
"Early Lowbush Blueberry, Hillside Blueberry",Vaccinium pallidum,I
Coastal Dog-hobble,Leucothoe axillaris,I
"Mountain Laurel, Ivy",Kalmia latifolia,I
"Carolina Laurel, Carolina Wicky, Carolina Bog-myrtle",Kalmia carolina,I
Dangleberry,Gaylussacia frondosa,I
Cumberland Azalea,Rhododendron cumberlandense,I
Pinesap,Hypopitys monotropa,N
Minniebush,Rhododendron pilosum,N
Staggerbush,Lyonia mariana,N
"Maleberry, He-Huckleberry",Lyonia ligustrina,N
Bonpland's Croton,Croton bonplandianus,N
"Wormseed Sandmat, Hairy Spurge",Euphorbia vermiculata,N
"Sweet Gallberry, Big Gallberry",Ilex coriacea,N
"Slender Three-seeded Mercury, Short-stalk Copperleaf",Acalypha gracilens,N
Small Black Blueberry,Vaccinium tenellum,N
Mountain Highbush Blueberry,Vaccinium simulatum,N
Long-stalked Holly,Ilex collina,N
"Great Rhododendron, White Rosebay, Great Laurel",Rhododendron maximum,N
"Periwinkle, Common Periwinkle",Vinca minor,N
"Catawba Rhododendron, Mountain Rosebay, Pink Laurel",Rhododendron catawbiense,N
Flame Azalea,Rhododendron calendulaceum,N
Dwarf Azalea,Rhododendron atlanticum,N
"Smooth Azalea, Sweet Azalea",Rhododendron arborescens,N
"Southern Maleberry, He-Huckleberry",Lyonia ligustrina,N
Mountain Fetterbush,Eubotrys recurvus,N
Brown Knapweed,Centaurea jacea,N
Climbing Dogbane,Thyrsanthella difformis,N
Clasping-leaved Dogbane,Apocynum sibiricum,N
"Indian Hemp, Hemp Dogbane",Apocynum cannabinum,N
Galax,Galax urceolata,N
Spreading Dogbane,Apocynum androsaemifolium,N
"Farkleberry, Sparkleberry",Vaccinium arboreum,N
Northern Lowbush Blueberry,Vaccinium angustifolium,N
"Eastern Blue-star, Eastern Blue Dogbane",Amsonia tabernaemontana,N
Mountain Golden-alexanders,Zizia trifoliata,N
"Wild Teasel, Common Teasel",Dipsacus fullonum,N
Japanese Hedge Parsley,Torilis japonica,N
Spreading Hedge Parsley,Torilis arvensis,N
"Meadow Parsnip, Purple Meadow Parsnip",Thaspium trifoliatum,N
Hairy-jointed Meadow Parsnip,Thaspium barbinode,N
Mountain Pimpernel,Taenidia montana,N
Yellow Pimpernel,Taenidia integerrima,N
"Bristle-fruit Spermolepis, Hooked Spermolepis",Spermolepis echinata,N
"Rough-fruit Scale-seed, Rough-fruit Spermolepis",Spermolepis divaricata,N
Water Parsnip,Sium suave,N
Large-fruited Sanicle,Sanicula trifoliata,N
"Small's Snakeroot, Small's Sanicle",Sanicula smallii,N
Clustered Snakeroot,Sanicula odorata,N
Sanicle,Sanicula marilandica,N
Florida Snakeroot,Sanicula canadensis,N
Black Snakeroot,Sanicula canadensis,N
Mock Bishop's-weed,Ptilimnium capillaceum,N
Harperella,Harperella nodosa,N
Burnet Saxifrage,Pimpinella saxifraga,N
Wild Parsnip,Pastinaca sativa,N
Savanna Cowbane,Oxypolis ternata,N
"Cowbane, Stiff Cowbane",Oxypolis rigidior,N
Aniseroot,Osmorhiza longistylis,N
Sweet Cicely,Osmorhiza claytonii,N
"Marsh Lilaeopsis, Eastern Grasswort",Lilaeopsis chinensis,N
Carolina Lilaeopsis,Lilaeopsis carolinensis,N
American Lovage,Ligusticum canadense,N
Whorled Marsh-pennywort,Hydrocotyle verticillata,N
"Marsh Water-pennywort, Marsh-pennywort",Hydrocotyle umbellata,N
Lawn Water-pennywort,Hydrocotyle sibthorpioides,N
"Swamp Water-pennywort, Floating Marsh-pennywort",Hydrocotyle ranunculoides,N
"Northern Rattlesnake-master, Button Eryngo",Eryngium yuccifolium,N
Creeping Eryngo,Eryngium prostratum,N
Whorled Marsh-pennywort,Hydrocotyle prolifera,N
"Coastal Water-pennywort, Dune Water-pennywort, Large-leaf Pennywort",Hydrocotyle bonariensis,N
"American Water-pennywort, American Marsh-pennywort",Hydrocotyle americana,N
"Cow-parsnip, Common Cow-parsnip",Heracleum maximum,N
"Fennel, Sweet Fennel",Foeniculum vulgare,N
Sickleweed,Falcaria vulgaris,N
"Rattlesnake-master, Marsh Eryngo",Eryngium aquaticum,N
Harbinger-of-Spring,Erigenia bulbosa,N
"Queen-Anne's Lace, Wild Carrot",Daucus carota,N
Marsh Parsley,Cyclospermum leptophyllum,N
"Golden-alexanders, Common Golden-alexanders",Zizia aurea,N
Hemlock Parsley,Conioselinum chinense,N
Heart-leaf Golden-alexanders,Zizia aptera,N
Poison Hemlock,Conium maculatum,N
"Bulb-bearing Water-hemlock, Bulblet-bearing Water-hemlock",Cicuta bulbifera,N
Short's Spreading Chervil,Chaerophyllum procumbens,N
Spreading Chervil,Chaerophyllum procumbens,N
"Coinleaf, Erect Centella",Centella erecta,N
Narrow-leaf Thoroughwax,Bupleurum virgatum,N
Wild Chervil,Anthriscus sylvestris,N
Garden Chervil,Anthriscus cerefolium,N
"Bur Chervil, Bur Parsley",Anthriscus caucalis,N
Hairy Angelica,Angelica venenosa,N
"Filmy Angelica, Mountain Angelica",Angelica triquinata,N
Bishop's Goutweed,Aegopodium podagraria,N
"Dwarf Pawpaw, Small-flowered Pawpaw, Small-fruited Pawpaw",Asimina parviflora,N
Poison Sumac,Toxicodendron vernix,N
"Poison Ivy, Eastern Poison Ivy",Toxicodendron radicans,N
Smooth Sumac,Rhus glabra,N
"Winged Sumac, Shining Sumac",Rhus copallinum,N
Fragrant Sumac,Rhus aromatica,N
"Eastern Bloodleaf, Juda's Bush",Iresine rhizomatosa,N
"Coastal Plain Water-willow, Loose-flower Water-willow",Justicia ovata,N
"Rough Pigweed, Red-root Amaranth",Amaranthus retroflexus,N
"Sea-beach Amaranth, Dwarf Amaranth",Amaranthus pumilus,N
"Green Amaranth, Powell's Amaranth",Amaranthus powellii,N
Southern Water Hemp,Amaranthus australis,N
"Careless-weed, Palmer's Amaranth",Amaranthus palmeri,N
"Slender Pigweed, Smooth Pigweed, Green Amaranth",Amaranthus hybridus,N
"Large-fruited Amaranth, Argentine Amaranth",Amaranthus deflexus,N
"Tidal-marsh Amaranth, Water-hemp",Amaranthus cannabinus,N
Sand Amaranth,Amaranthus arenicola,N
"Tumbleweed Amaranth, White Amaranth, Prostrate Pigweed",Amaranthus albus,N
"Small Sea-purslane, Slender Sea-purslane",Sesuvium maritimum,N
Mountain Maple,Acer spicatum,N
Norway maple,Acer platanoides,N
Striped Maple,Acer pensylvanicum,N
Japanese Maple,Acer palmatum,N
"Common Water-willow, American Water-willow",Justicia americana,I
"Branched Dicliptera, Branched Fold-wing, Wild Mudwort",Dicliptera brachiata,I
False Water-willow,Andrographis echioides,I
"Dutchman's-pipe, Pipevine",Isotrema macrophyllum,I
"Virginia Snakeroot, Turpentine-root",Endodeca serpentaria,I
Common Wild Ginger,Asarum canadense,I
"Little Brown Jug, Arrowleaf Heartleaf",Hexastylis arifolia,I
Appalachian Little Brown Jug,Hexastylis ruthii,I
Variable-leaf Heartleaf,Hexastylis heterophylla,I
Lewis's Heartleaf,Hexastylis lewisii,I
Little Heartleaf,Hexastylis minor,I
Virginia Heartleaf,Hexastylis virginica,I
Clasping Milkweed,Asclepias amplexicaulis,I
Tall Milkweed,Asclepias exaltata,I
Swamp Milkweed,Asclepias incarnata,I
Swamp Milkweed,Asclepias incarnata,I
Few-flower Milkweed,Asclepias lanceolata,I
Long-leaf Milkweed,Asclepias longifolia,I
Purple Milkweed,Asclepias purpurascens,I
Four-leaf Milkweed,Asclepias quadrifolia,I
Red Milkweed,Asclepias rubra,I
Common Milkweed,Asclepias syriaca,I
"Butterfly-weed, Common Butterfly-weed",Asclepias tuberosa,I
White Milkweed,Asclepias variegata,I
Whorled Milkweed,Asclepias verticillata,I
Green Milkweed,Asclepias viridiflora,I
"Honeyvine, Sandvine",Cynanchum laeve,I
Carolina Milkvine,Matelea carolinensis,I
Old-field Milkvine,Matelea decipiens,I
"Eastern Anglepod, Angular-fruit Milkvine",Gonolobus suberosus,I
Climbing Milkvine,Matelea obliqua,I
Woodland Coreopsis,Coreopsis major,I
"Plains Coreopsis, Golden Tickseed",Coreopsis tinctoria,I
Tall Coreopsis,Coreopsis tripteris,I
"Whorled Coreopsis, Thread-leaf Coreopsis",Coreopsis verticillata,I
Common Cosmos,Cosmos bipinnatus,I
Orange Cosmos,Cosmos sulphureus,I
Smooth Hawksbeard,Crepis capillaris,I
Small-flower Hawksbeard,Crepis pulchra,I
Narrowleaf Hawksbeard,Crepis tectorum,I
Scratch Daisy,Croptilon divaricatum,I
Cornel-leaved Aster,Doellingeria infirma,I
Tall Flat-topped White Aster,Doellingeria umbellata,I
Pale Purple Coneflower,Echinacea pallida,I
Purple Coneflower,Echinacea purpurea,I
"Swamp Cyrilla, Ti-ti",Cyrilla racemiflora,I
"Small's Stonecrop, Elf-orpine",Diamorpha smallii,I
"False Daisy, Yerba-de-tajo",Eclipta prostrata,I
Carolina Elephant's-foot,Elephantopus carolinianus,I
Smooth Elephant's-foot,Elephantopus nudatus,I
"Hairy Elephant's-foot, Devil's Grandmother",Elephantopus tomentosus,I
"Fireweed, Pilewort, American Burnweed",Erechtites hieraciifolius,I
Annual Fleabane,Erigeron annuus,I
Philadelphia Fleabane,Erigeron philadelphicus,I
Robin's Plantain,Erigeron pulchellus,I
"Oak-leaf Fleabane, Southern Fleabane",Erigeron quercifolius,I
Daisy Fleabane,Erigeron strigosus,I
White-top Fleabane,Erigeron vernus,I
White Thoroughwort,Eupatorium album,I
Maritime Thoroughwort,Eupatorium maritimum,I
Tall Thoroughwort,Eupatorium altissimum,I
Hemp-agrimony,Eupatorium cannabinum,I
Dog-fennel,Eupatorium capillifolium,I
Pumpkin,Cucurbita pepo,I
Three-nerved Joe-pye-weed,Eutrochium dubium,I
Hollow Joe-pye-weed,Eutrochium fistulosum,I
Narrow-leaf Bushy Thoroughwort,Eupatorium linearifolium,I
Godfrey's Thoroughwort,Eupatorium godfreyanum,N
Hyssop-leaf Thoroughwort,Eupatorium hyssopifolium,N
"White-bracted Thoroughwort, Justice-weed",Eupatorium leucolepis,N
Spotted Joe-pye-weed,Eutrochium maculatum,N
"Boneset, Common Boneset",Eupatorium perfoliatum,N
"Vervain Thoroughwort, Rough Boneset",Eupatorium pilosum,N
"Hairy Thoroughwort, Hairy Boneset",Eupatorium pubescens,N
"Sweet-scented Joe-pye-weed, Sweet Joe-pye-weed, Purple Joe-pye-weed",Eutrochium purpureum,N
"Roundleaf Thoroughwort, Roundleaf Boneset",Eupatorium rotundifolium,N
Pasture Thoroughwort,Eupatorium saltuense,N
Small-flower Thoroughwort,Eupatorium semiserratum,N
Late Thoroughwort,Eupatorium serotinum,N
Upland Boneset,Eupatorium sessilifolium,N
"Woodland Goosefoot, Standley's Goosefoot",Chenopodium standleyanum,N
Watermelon,Citrullus lanatus,N
"Cleome, Spider Flower, Pink Queen",Tarenaya hassleriana,N
"Appalachian Joe-pye-weed, Steele's Joe-pye-weed",Eutrochium steelei,N
Torrey's Thoroughwort,Eupatorium torreyanum,N
Vasey's Thoroughwort,Eupatorium vaseyi,N
Mountain Wood Aster,Eurybia chlorolepis,N
Slender Aster,Eurybia compacta,N
White Wood Aster,Eurybia divaricata,N
"Big-leaf Aster, Large-leaved Aster",Eurybia macrophylla,N
"Low Rough Aster, Rough-leaved Aster",Eurybia radula,N
Schreber's Aster,Eurybia schreberi,N
"Showy Aster, Eastern Showy Aster",Eurybia spectabilis,N
Creeping Aster,Eurybia surculosa,N
Hairy Grass-leaved Goldenrod,Euthamia lanceolata,N
Mid-Atlantic Flat-top Goldenrod,Euthamia floribunda,N
Slender Flat-top Goldenrod,Euthamia caroliniana,N
Trampweed,Facelis retusa,N
"Common Cotton-rose, Common Cudweed",Filago germanica,N
Clustered Yellowtops,Flaveria trinervia,N
Pink Thoroughwort,Fleischmannia incarnata,N
"Common Blanket-flower, Fire-wheel",Gaillardia pulchella,N
"Small-flower Quickweed, Gallant Soldier",Galinsoga parviflora,N
"Fringed Quickweed, Hairy Galinsoga, Shaggy Soldier",Galinsoga quadriradiata,N
"Small Rabbit Tobacco, Delicate Rabbit Tobacco",Pseudognaphalium micradenium,N
"Clammy Everlasting, Winged Cudweed",Pseudognaphalium macounii,N
"Sweet Everlasting, Catfoot, Rabbit Tobacco",Pseudognaphalium obtusifolium,N
Narrow-leaf Purple Everlasting,Gamochaeta calviceps,N
"Purple Cudweed, Purple Everlasting",Gamochaeta purpurea,N
Cotton-batting Plant,Pseudognaphalium stramineum,N
Low Cudweed,Gnaphalium uliginosum,N
Narrowleaf Gumweed,Grindelia lanceolata,N
"Curly-top Gumweed, Curly-cup Gumweed",Grindelia squarrosa,N
"Niger-seed, Niger-thistle",Guizotia abyssinica,N
Sweet-scented Indian-plantain,Hasteola suaveolens,N
Bitterweed,Helenium amarum,N